ProfileDescription,Compression,TimeStamp,ApertureValue,HandlerType,GeneralLevelIDC,ImageSize,AEAverage,ConnectionSpaceIlluminant,GenProfileCompatibilityFlags,HDRGain,MinSpatialSegmentationIDC,Megapixels,RunTimeEpoch,StoredFormat,Rotation,ProfileCopyright,GPSLatitudeRef,ShutterSpeedValue,ChromaticAdaptation,EncodingProcess,ProfileDescriptionML-zh-CN,ProfileDescriptionML-ko-KR,ExifToolVersion,BlueMatrixColumn,RegionAreaX,SourceFile,ProfileDescriptionML-es-ES,CMMFlags,OffsetTimeOriginal,ExifImageWidth,RegionAreaY,RunTimeSincePowerUp,NumTemporalLayers,FocusPosition,ProfileClass,ThumbnailLength,FlashpixVersion,FocalLength35efl,ProfileDescriptionML-pt-PO,ProfileDescriptionML-fi-FI,ProfileDescriptionML-el-GR,Filtered,RegionAreaUnit,RegionExtensionsAngleInfoRoll,MinorVersion,AuxiliaryImageSubType,AFMeasuredDepth,MPImageFormat,ConstraintIndicatorFlags,WhiteBalance,GeneralTierFlag,GrayTRC,PortraitEffectsMatteVersion,IntrinsicMatrix,ProfileDescriptionML-tr-TR,GPSDestBearingRef,NativeFormat,RunTimeScale,AuxiliaryImageType,FocalLength,HEVCConfigurationVersion,ProfileDescriptionML-cs-CZ,RegionExtensions,LensDistortionCoefficients,DeviceModel,ISO,DeviceManufacturer,GPSDateStamp,ProfileDescriptionML,MajorBrand,AFConfidence,LensModel,MIMEType,EffectStrength,PrimaryPlatform,SubSecDateTimeOriginal,ProfileCreator,HDRHeadroom,FileInodeChangeDate,FileName,Directory,OffsetTime,ThumbnailOffset,GPSTimeStamp,AFPerformance,ColorProfiles,Accuracy,GPSAltitudeRef,DateCreated,ProfileDescriptionML-da-DK,SceneCaptureType,GreenMatrixColumn,DirectoryItemLength,MPImageType,GPSLatitude,SensingMethod,DepthMapTiff,CompositeImage,ResolutionUnit,YResolution,RegionType,LensID,ProfileID,OffsetTimeDigitized,ProfileDescriptionML-th-TH,ImageCaptureType,ProfileDescriptionML-it-IT,YCbCrPositioning,EmbeddedImage,ImagePixelDepth,ProfileDescriptionML-ca-ES,PixelSize,DeviceAttributes,File Name,MeteringMode,IntrinsicMatrixReferenceHeight,RenderingIntent,Luminance,DependentImage1EntryNumber,SimulatedAperture,SceneType,ProfileDescriptionML-uk-UA,ProfileDescriptionML-ja-JP,IntMaxValue,FNumber,ExposureTime,AccelerationVector,ProfileDescriptionML-ru-RU,FileType,ProfileDescriptionML-hr-HR,EmbeddedImageName,FileSize,LensDistortionCenterOffsetX,FocusDistanceRange,ProfileDescriptionML-vi-VN,ExposureMode,RunTimeFlags,GPSDestBearing,ContentIdentifier,GPSAltitude,ParallelismType,HostComputer,ProfileCMMType,RegionAppliedToDimensionsUnit,ProfileFileSignature,GPSHPositioningError,ExifVersion,RegionAppliedToDimensionsH,ProfileDescriptionML-hu-HU,MPFVersion,MediaDataOffset,RunTimeValue,ColorSpace,ProfileConnectionSpace,ExposureCompensation,XMPToolkit,Software,AToB0,LuminanceNoiseAmplitude,LensDistortionCenterOffsetY,MakerNoteVersion,RedTRC,ProfileDescriptionML-ro-RO,ColorTemperature,RegionAreaH,BitsPerSample,ProfileDescriptionML-he-IL,CustomRendered,ProfileDescriptionML-pt-BR,SubjectArea,SemanticSegmentationMatteVersion,MPImage2,BrightnessValue,SubSecTimeDigitized,LensInfo,AFStable,SubSecTime,VideoFullRangeFlag,FileTypeExtension,SubSecTimeOriginal,ExifImageHeight,MediaDataSize,GeneralProfileSpace,MPImageStart,FloatMaxValue,RegionExtensionsAngleInfoYaw,ColorComponents,DepthDataVersion,ProfileDescriptionML-sk-SK,DepthMapData,Make,MCCData,GPSPosition,ExifByteOrder,ProfileDescriptionML-de-DE,MPImageFlags,Version,GeneralProfileIDC,ModifyDate,RegionAreaW,RegionAppliedToDimensionsW,IntrinsicMatrixReferenceWidth,GPSLongitude,GPSLongitudeRef,NumberOfImages,Orientation,DirectoryItemSemantic,ColorSpaceData,PhotosAppFeatureFlags,CompatibleBrands,ShutterSpeed,BToA0,SubSecModifyDate,AverageFrameRate,HDGainMapInfo,MatrixCoefficients,GPSSpeed,CreateDate,Quality,ProfileDescriptionML-nl-NL,RegionExtensionsConfidenceLevel,InverseLensDistortionCoefficients,ExtrinsicMatrix,YCbCrSubSampling,ConstantFrameRate,DepthMapWidth,TemporalIDNested,RedMatrixColumn,MetaImageSize,DigitalZoomRatio,DepthMapHeight,ColorPrimaries,GPSImgDirection,ExposureProgram,ChromaFormat,FocalLengthIn35mmFormat,AETarget,PrimaryItemReference,GreenTRC,LivePhotoVideoIndex,ProfileVersion,FOV,RenderingParameters,ImageSpatialExtent,BitDepthChroma,CameraType,ProfileDescriptionML-pl-PL,FilePermissions,XResolution,ImageWidth,Aperture,DirectoryItemMime,ProfileDescriptionML-nb-NO,CreatorTool,MPImageLength,DepthMapName,ProfileDescriptionML-fr-FU,BlueTRC,SignalToNoiseRatio,ImageHeight,CircleOfConfusion,PhotoIdentifier,TransferCharacteristics,ProfileDateTime,HDRGainMapVersion,ProfileDescriptionML-sv-SE,FileModifyDate,FileAccessDate,FloatMinValue,DateTimeOriginal,LensMake,RegionExtensionsFaceID,ImageUniqueID,SubSecCreateDate,ProfileDescriptionML-ar-EG,MediaWhitePoint,ThumbnailImage,AEStable,Flash,IntMinValue,BitDepthLuma,MaxApertureValue,DependentImage2EntryNumber,GPSSpeedRef,HyperfocalDistance,LightValue,ScaleFactor35efl,GPSDateTime,GPSImgDirectionRef,HDRGainMapHeadroom,ProfileDescriptionML-zh-TW,Model
DCI-P3 D65 Gamut with sRGB Transfer,JPEG (old-style),2024:09:20 11:41:52.526+09:00,1.7,,,4000x3000,,0.9642 1 0.82491,,,,12.0,,,,"Copyright (c) 2022 Samsung Electronics Co., Ltd.",North,1,1.04781 0.02289 -0.05013 0.02954 0.99048 -0.01704 -0.00923 0.01505 0.75214,"Baseline DCT, Huffman coding",,,13.1,0.15718 0.06659 0.78455,,./1/20240920_114152.jpg,,"Not Embedded, Independent",+09:00,4000,,,,,Display Device Profile,58023,0100,6.3 mm (35 mm equivalent: 23.0 mm),,,,,,,,,,JPEG,,Auto,,,,,,,,,,6.3 mm,,,,,,16,Unknown (SEC),,,,,,image/jpeg,,Unknown (SEC),2024:09:20 11:41:52.526+09:00,Unknown (SEC),,2025:01:26 18:38:17+09:00,20240920_114152.jpg,./1,+09:00,1016,,,,,Above Sea Level,,,Standard,0.29195 0.69223 0.04189,148128,Undefined,"37 deg 30' 48.74"" N",,,,inches,72,,,0,,,,,Centered,,,,,"Reflective, Glossy, Positive, Color",20240920_114152.jpg,Spot,,Perceptual,,0,,,,,,1.7,1/180,,,JPEG,,,5.5 MB,,,,Auto,,,,46 m Above Sea Level,,,,,acsp,,0220,,,0100,,,Uncalibrated,XYZ ,0,Adobe XMP Core 5.1.2,S928NKSU3AXH7,,,,,"(Binary data 32 bytes, use -b option to extract)",,,,8,,,,,,"(Binary data 148128 bytes, use -b option to extract)",6.92,526,,,526,,jpg,526,3000,,,5339618,,,3,,,,samsung,South Korea (450),"37 deg 30' 48.74"" N, 127 deg 3' 34.78"" E","Little-endian (Intel, II)",,(none),1.0,,2024:09:20 11:41:52,,,,"127 deg 3' 34.78"" E",East,2,Rotate 90 CW,"['Primary', 'GainMap']",RGB ,,,1/180,,2024:09:20 11:41:52.526+09:00,,,,,2024:09:20 11:41:52,,,,,,YCbCr4:2:0 (2 2),,,,0.51508 0.24117 -0.00105,,1,,,,Program AE,,23 mm,,,"(Binary data 32 bytes, use -b option to extract)",,4.3.0,76.1 deg,,,,,,-rwx------,72,4000,1.7,"['image/jpeg', 'image/jpeg']",,,148128,,,"(Binary data 32 bytes, use -b option to extract)",,3000,0.008 mm,,,2022:07:01 00:00:00,,,2024:09:20 11:41:54+09:00,2025:01:26 19:03:57+09:00,,2024:09:20 11:41:52,,,HK0XLQE00SM,2024:09:20 11:41:52.526,,0.9642 1 0.82491,"(Binary data 58023 bytes, use -b option to extract)",,No Flash,,,1.7,0,,2.84 m,11.7,3.7,,,,,Galaxy S24 Ultra
DCI-P3 D65 Gamut with sRGB Transfer,JPEG (old-style),2024:09:20 14:44:15.629+09:00,3.4,,,4000x3000,,0.9642 1 0.82491,,,,12.0,,,,"Copyright (c) 2022 Samsung Electronics Co., Ltd.",North,1,1.04781 0.02289 -0.05013 0.02954 0.99048 -0.01704 -0.00923 0.01505 0.75214,"Baseline DCT, Huffman coding",,,13.1,0.15718 0.06659 0.78455,,./1/20240920_144415.jpg,,"Not Embedded, Independent",+09:00,4000,,,,,Display Device Profile,56741,0100,18.6 mm (35 mm equivalent: 115.0 mm),,,,,,,,,,JPEG,,Auto,,,,,,,,,,18.6 mm,,,,,,1250,Unknown (SEC),,,,,,image/jpeg,,Unknown (SEC),2024:09:20 14:44:15.629+09:00,Unknown (SEC),,2025:01:26 18:37:34+09:00,20240920_144415.jpg,./1,+09:00,996,,,,,Above Sea Level,,,Standard,0.29195 0.69223 0.04189,34737,Undefined,"37 deg 30' 38.18"" N",,,,inches,72,,,0,,,,,Centered,,,,,"Reflective, Glossy, Positive, Color",20240920_144415.jpg,Center-weighted average,,Perceptual,,0,,,,,,3.4,1/30,,,JPEG,,,4.0 MB,,,,Auto,,,,41 m Above Sea Level,,,,,acsp,,0220,,,0100,,,Uncalibrated,XYZ ,0,Adobe XMP Core 5.1.2,S928NKSU3AXH7,,,,,"(Binary data 32 bytes, use -b option to extract)",,,,8,,,,,,"(Binary data 34737 bytes, use -b option to extract)",,629,,,629,,jpg,629,3000,,,4011092,,,3,,,,samsung,South Korea (450),"37 deg 30' 38.18"" N, 127 deg 3' 34.70"" E","Little-endian (Intel, II)",,(none),1.0,,2024:09:20 14:44:15,,,,"127 deg 3' 34.70"" E",East,2,Rotate 90 CW,"['Primary', 'GainMap']",RGB ,,,1/30,,2024:09:20 14:44:15.629+09:00,,,,,2024:09:20 14:44:15,,,,,,YCbCr4:2:0 (2 2),,,,0.51508 0.24117 -0.00105,,5,,,,Program AE,,115 mm,,,"(Binary data 32 bytes, use -b option to extract)",,4.3.0,17.8 deg,,,,,,-rwx------,72,4000,3.4,"['image/jpeg', 'image/jpeg']",,,34737,,,"(Binary data 32 bytes, use -b option to extract)",,3000,0.005 mm,,,2022:07:01 00:00:00,,,2024:09:20 14:44:17+09:00,2025:01:26 19:03:57+09:00,,2024:09:20 14:44:15,,,H50XSQE00SM,2024:09:20 14:44:15.629,,0.9642 1 0.82491,"(Binary data 56741 bytes, use -b option to extract)",,No Flash,,,3.4,0,,20.94 m,4.8,6.2,,,,,Galaxy S24 Ultra
Display P3 Primaries; PQ (Gain Map Preview C7DDE554C87B2073),,,1.8,Picture,63 (level 2.1),5712x4284,177,0.9642 1 0.82491,"Main Still Picture, Main 10, Main",0.3876953125,0,24.5,0,L008,Horizontal (Normal),"Copyright Apple Inc., 2024",North,1/367,1.04788 0.02292 -0.0502 0.02959 0.99048 -0.01706 -0.00923 0.01508 0.75168,,,,13.1,0.1571 0.06657 0.78407,0.62623809523809526,./1/IMG_0011.HEIC,,"Not Embedded, Independent",+09:00,5712,0.54800000000000004,1:50:21,1,69,Display Device Profile,,,6.8 mm (35 mm equivalent: 24.0 mm),,,,True,normalized,,0.0.0,portraiteffectsmatte,130,,176 0 0 0 0 0,Auto,Main Tier,"(Binary data 14 bytes, use -b option to extract)",65537,"[2811.460205078125, 0.0, 0.0, 0.0, 2811.460205078125, 0.0, 2027.2255859375, 1502.489990234375, 1]",,True North,hdis,1000000000,urn:mpeg:hevc:2015:auxid:2,6.8 mm,1,,,"[0.0, '-0.59891879558563232', '0.053872086107730865', '-0.0018906649202108383', -5.191986019781325e-06, 2.1051059775345493e-06, -5.044282858079896e-08, 3.6998842878332994e-10]",,100,Apple Computer Inc.,2024:09:20,,High Efficiency Image Format HEVC still image (.HEIC),75,iPhone 16 Pro Max back triple camera 6.765mm f/1.78,image/heic,0.5,Apple Computer Inc.,2024:09:20 11:40:52.100+09:00,Apple Computer Inc.,1.00999999,2025:01:26 18:38:17+09:00,IMG_0011.HEIC,./1,+09:00,,02:40:51,250 1 24,nclx,relative,Above Sea Level,2024:09:20 11:40:52,,,0.29198 0.69225 0.04189,,,"37 deg 30' 48.11"" N",One-chip color area,,General Composite Image,inches,72,Focus,iPhone 16 Pro Max back triple camera 6.765mm f/1.78,eb8775727b5c530e1ed7960af15549db,+09:00,,Scene,,,,10 10 10,,0.00244,"Reflective, Glossy, Positive, Color",IMG_0011.HEIC,Spot,3024,Perceptual,0 100 0,,2.8,Directly photographed,,,255,1.8,1/367,-0.05099127438 -0.9760773785 0.1814272553,,HEIC,,,4.8 MB,2027.70166015625,0.62 - 1.00 m,,Auto,Valid,298.868866,3E522B16-897F-4063-A134-797F9E3A159F,23.5 m Above Sea Level,0,iPhone 16 Pro Max,Apple Computer Inc.,pixel,acsp,14.24595459 m,0232,4284,,,23134,6621378045041,Uncalibrated,XYZ ,0,XMP Core 6.0.0,18.0,"(Binary data 6412 bytes, use -b option to extract)",0.01089230739,1505.952392578125,15,"(Binary data 32 bytes, use -b option to extract)",,5826,0.15800000000000003,,,,,3348 2128 1059 1062,65536,,5.693526046,100,2.220000029-15.65999985mm f/1.779999971-2.8,Yes,,Full,heic,100,4284,4758101,Conforming,,1.168945,,,65541,,,Apple,,"37 deg 30' 48.11"" N, 127 deg 3' 34.59"" E","Big-endian (Motorola, MM)",,,,Main Still Picture,2024:09:20 11:40:52,0.11838095238095236,5712,4032,"127 deg 3' 34.59"" E",East,,Rotate 90 CW,,RGB ,1,"['mif1', 'MiHB', 'MiHA', 'heix', 'MiHE', 'MiPr', 'heic', 'miaf', 'tmap']",1/367,"(Binary data 6412 bytes, use -b option to extract)",2024:09:20 11:40:52+09:00,0,"(Binary data 218 bytes, use -b option to extract)",Identity matrix,0.02098014876,2024:09:20 11:40:52,high,,,"[0.0, '0.58943438529968262', '-0.050920534878969193', '0.001690856646746397', 8.532961146556772e-06, -2.0013517314509954e-06, 4.684766352625047e-08, -3.468750009449906e-10]","[1, 0.0, 0.0, 0.0, 1, 0.0, 0.0, 0.0, 1, 0.0, 0.0, 0.0]",,Unknown,,No,0.51512 0.2412 -0.00105,5712x4284 0 516 2856 2142 0 1287 4096 3072 0 0 64 0 0 15 16960 33 22859 15 16960 65527 9746 15 16960 33 22859 15 16960 16 6112 15 16960 0 10 15 16960 0 10 15 16960,,,SMPTE EG 432-1,298.868866,Program AE,4:2:0,24 mm,168,46,"(Binary data 32 bytes, use -b option to extract)",8595224612,4.0.0,73.7 deg,UkVORAcAAABIBQAAAQAAAGQAAgAAAAAAZQACAAIAAABmAAEAj8L1PGcAAQDNzMw9aAABAArXIz1pAAEAMzOzP2oAAQDNzEw9awABAJqZmT5sAAEAzczMP20AAQAAAABAbgACABQAAABvAAEAzcxMPXAAAQBYOTQ8cQABAArXIzxyAAEAzczMPXMAAQAK1yM9dAABAAAAgD91AAEAAABAP3YAAQBmZmY/dwABAJqZmT94AAEAAAAAQHkAAQDNzMw+egABAM3MzD17AAEAAACAP3wAAQAAAABAfQABAAAAAEF+AAEAF7fROH8AAgAyAAAAgAABAAAAgD/IAAEAPQoXP8kAAQAAAEA/ygABAPfMEjksAQEACtcjPC0BAQAXSJI5LgEBADVeuj0vAQEAMzOzPzABAQDgLRA7MQEBAFoMQzoyAQEAAACAPzMBAQAAAIA/kAECAAAAAACRAQEAZ01/OpIBAQANej89kwEBAGdNfzqUAQEAQmBlO5UBAQCZuxY8lgEBAGZmZj+XAQEAAACAP5gBAQAAAAAAmQEBAM3MTD7CAQEAZ03/PMMBAQBgkJ89xAEBAHEuGTvFAQEAWJGRQMYBAQAzM5tA8gECAAkAAADzAQIADAAAAPQBAgAJAAAA9QEBAAAAekT2AQEAmpkZPvcBAQBSuJ4++AEBAAAAAED5AQEAAMAPRfoBAQDNzEw9+wEBADMzsz78AQIAAgAAAP0BAQApXI8+/gEBAKRwnT//AQEAZmZmPwACAgAGAAAAAQIBAAAAgD8CAgEAAAAAAFgCAQAzMzNAWQIBADMzsz9aAgEAAACAQVsCAQDsUbg/vAIBAAAAAAC9AgEAAAAAACADAgADAAAAIQMBAM3MTL0iAwEACtejPCMDAQDNzEy9JAMBAI/C9T2EAwEAzcxMP4UDAQAAAIA/hgMBAAAAAACHAwEAAAAAAIgDAQDNzMw+iQMBAOAtkDroAwEAmpmZPukDAQAAAKBA6gMBAJqZmT7rAwEAzcxMP+wDAQAAAAAA7QMBAAAAgD/uAwEAMzMzv+8DAQBmZmY/8AMBAI/C9TzxAwEAbxKDOvIDAQAAAAAA8wMCAIcAAAD0AwEAzczMPvUDAQAAAIA/9gMCABQAAAD3AwEAzczMPvgDAQAAAAAA+QMBAM3MTD/6AwEAAACAP/sDAQAAAAAA/AMBAM3MTD79AwEAAAAAAP4DAQAAAAAA/wMBAM3MzD8ABAIAAgAAAAEEAQAAAAAAAgQBAG8SAzoDBAEAmplZPwQEAQAAAAAABQQBAAAAgD8GBAEAzcxMPwcEAQCamZk+CAQBAAAAAEAJBAEAexQuPgoEAQAzM7M+CwQBAAAAgD8MBAEAAAAAAA0EAQCamZk+DgQBAM3MzD0PBAEAzcxMPkwEAQBmZuY+TQQBAAAAAABOBAEAAAAAAE8EAQDNzMw9UAQBAGZmZj+wBAIACQAAALEEAgAEAAAAsgQCAAwAAACzBAEAAACAP7QEAQAAAIA/tQQBAD0K1z62BAEAAABAP7cEAQAAAADAuAQBAAAAAAC5BAEAAACAv7oEAQCamRk+uwQBAM3MzD28BAEAmpmZP70EAQBcj8I+vgQCAAQAAAAUBQEAFK6HPhUFAQC/fV0+FgUBAPT9VDwXBQEAj8L1PBgFAQDD9Wg/GQUBAKabRD0aBQEAbxIDOhsFAQBfKUs7HAUBAPYoHD8dBQEAzczMPB4FAQAK1yM8HwUBADMzM0AgBQEAMzMzPyEFAQAXt9E6IgUBAI/C9TwjBQEAZmZmPyQFAQCamZk+JQUBAAAAwD8=,5712x4284,8,Back Normal,,-rwx------,72,5712,1.8,,,18.0,,,,"(Binary data 32 bytes, use -b option to extract)",50.80724334,4284,0.008 mm,CBA1E78B-200E-456B-8A53-D380F6C19B77,"SMPTE ST 2084, ITU BT.2100 PQ",2024:01:01 00:00:00,0.2.0.0,,2024:09:20 11:48:37+09:00,2025:01:26 19:14:36+09:00,0.0,2024:09:20 11:40:52,Apple,,,2024:09:20 11:40:52.100+09:00,,0.96419 1 0.82489,,Yes,"Off, Did not fire",0,8,,,km/h,3.04 m,10.2,3.5,2024:09:20 02:40:51Z,True North,4.548992,,iPhone 16 Pro Max
Display P3 Primaries; PQ (Gain Map Preview CC54180D79540963),,,2.8,Picture,63 (level 2.1),4032x3024,189,0.9642 1 0.82491,"Main Still Picture, Main 10, Main",2.021582126,0,12.2,0,L008,Horizontal (Normal),"Copyright Apple Inc., 2024",North,1/30,1.04788 0.02292 -0.0502 0.02959 0.99048 -0.01706 -0.00923 0.01508 0.75168,,,,13.1,0.1571 0.06657 0.78407,"['0.46454761904761904', '0.46293443576925719']",./1/IMG_0036.HEIC,,"Not Embedded, Independent",+09:00,4032,"['0.50549999999999995', '0.50300405099340384']",4:12:48,1,202,Display Device Profile,,,15.7 mm (35 mm equivalent: 120.0 mm),,,,True,"['normalized', 'normalized']",245,0.0.0,portraiteffectsmatte,144,,176 0 0 0 0 0,Auto,Main Tier,"(Binary data 14 bytes, use -b option to extract)",65537,"[14398.748046875, 0.0, 0.0, 0.0, 14398.748046875, 0.0, 1975.49072265625, 1498.2188720703125, 1]",,True North,hdis,1000000000,urn:mpeg:hevc:2015:auxid:2,15.7 mm,1,,,"[0.0, '-0.10879378765821457', '0.000974514230620116', 0.0, 0.0, 0.0, 0.0, 0.0]",,1250,Apple Computer Inc.,2024:09:20,,High Efficiency Image Format HEVC still image (.HEIC),100,iPhone 16 Pro Max back triple camera 15.66mm f/2.8,image/heic,0.5,Apple Computer Inc.,2024:09:20 14:44:22.360+09:00,Apple Computer Inc.,1.00999999,2025:01:26 18:37:34+09:00,IMG_0036.HEIC,./1,+09:00,,05:44:17.04,131 1 96,nclx,relative,Above Sea Level,2024:09:20 14:44:22,,,0.29198 0.69225 0.04189,,,"37 deg 30' 36.02"" N",One-chip color area,,General Composite Image,inches,72,"['Face', 'Focus']",iPhone 16 Pro Max back triple camera 15.66mm f/2.8,6c788abc6e7c6bd6fdd97289c9128093,+09:00,,Scene,,,,10 10 10,,0.00112,"Reflective, Glossy, Positive, Color",IMG_0036.HEIC,Multi-segment,3024,Perceptual,0 100 0,,4.5,Directly photographed,,,255,2.8,1/30,0.02963506618 -0.9955312018 -0.05849825592,,HEIC,,,1597 kB,2021.0009765625,0.73 - 2.72 m,,Auto,Valid,88.9693298,,53.2 m Above Sea Level,0,iPhone 16 Pro Max,Apple Computer Inc.,pixel,acsp,59.85604993 m,0232,3024,,,23873,15167526493125,Uncalibrated,XYZ ,0,XMP Core 6.0.0,18.0,"(Binary data 6412 bytes, use -b option to extract)",0.02776538582,1487.1380615234375,15,"(Binary data 32 bytes, use -b option to extract)",,3084,"['0.41299999999999998', '0.40999665813421399']",,,,,1878 1525 1237 1236,65536,,-0.1767771235,360,2.220000029-15.65999985mm f/2.2-2.8,Yes,,Full,heic,360,3024,1572878,Conforming,,0.944336,352,,65541,,,Apple,,"37 deg 30' 36.02"" N, 127 deg 3' 36.46"" E","Big-endian (Motorola, MM)",,,,Main Still Picture,2024:09:20 14:44:22,"['0.31009523809523809', '0.30692469765684044']",4032,4032,"127 deg 3' 36.46"" E",East,,Rotate 90 CW,,RGB ,1,"['mif1', 'MiHB', 'MiHA', 'heix', 'MiHE', 'MiPr', 'miaf', 'heic', 'tmap']",1/30,"(Binary data 6412 bytes, use -b option to extract)",2024:09:20 14:44:22+09:00,0,"(Binary data 290 bytes, use -b option to extract)",Identity matrix,0,2024:09:20 14:44:22,high,,507,"[0.0, '0.11233358830213547', '-0.0016396604478359222', 0.0, 0.0, 0.0, 0.0, 0.0]","[1, 0.0, 0.0, 0.0, 1, 0.0, 0.0, 0.0, 1, 0.0, 0.0, 0.0]",,Unknown,,No,0.51512 0.2412 -0.00105,4032x3024 0 1029 2880 2160 0 515 2016 1512 0 0 64 0 0 15 16960 25 52030 15 16960 0 0 15 16960 25 52030 15 16960 10 60460 15 16960 0 10 15 16960 0 10 15 16960,,,SMPTE EG 432-1,88.9693298,Program AE,4:2:0,120 mm,214,49,"(Binary data 32 bytes, use -b option to extract)",2151688244,4.0.0,17.1 deg,UkVORAcAAABIBQAAAQAAAGQAAgAAAAAAZQACAAIAAABmAAEAj8L1PGcAAQDn+6k9aAABAM3MTD1pAAEAMzOzP2oAAQDNzEw9awABAJqZmT5sAAEAAAAAP20AAQAAAChAbgACABQAAABvAAEAzcxMPXAAAQDNzMw8cQABAArXIzxyAAEAzczMPXMAAQDNzMw9dAABAM3MzD51AAEAAABAP3YAAQBmZmY/dwABAJqZmT94AAEAAAAAQHkAAQDNzMw+egABAM3MzD17AAEAAACAP3wAAQAAAABAfQABAAAAAEF+AAEAF7fROH8AAgAyAAAAgAABAAAAgD/IAAEAKVyPPckAAQCamVk/ygABABe3UTksAQEACtcjPC0BAQAXSJI5LgEBADVeuj0vAQEAMzOzPzABAQDgLRA7MQEBAFoMQzoyAQEAAACAPzMBAQAAAIA/kAECADAAAACRAQEA09F2PpIBAQBeHTlBkwEBAKl0xT2UAQEACtcjO5UBAQCPwvU7lgEBAGZmZj+XAQEAAACAP5gBAQAAAAAAmQEBAM3MTD7CAQEAgSfHQMMBAQBlJI9BxAEBAHRoCz/FAQEA0o9OQMYBAQAAACBB8gECAAkAAADzAQIADAAAAPQBAgAJAAAA9QEBAAAAekT2AQEAAAAAAPcBAQBSuJ4++AEBAAAAAED5AQEAAACWQ/oBAQDNzEw9+wEBAM3MzD78AQIAAgAAAP0BAQApXI8+/gEBAAAAwD//AQEAZmZmPwACAgAHAAAAAQIBAAAAgD8CAgEAAAAAAFgCAQAAAJBAWQIBADMzsz9aAgEAAACAQVsCAQCTGIQ/vAIBAAAAAAC9AgEAAAAAACADAgADAAAAIQMBAM3MTL0iAwEACtejPCMDAQDNzEy9JAMBAI/C9T2EAwEAzcxMP4UDAQAAAIA/hgMBAArXIzyHAwEAAAAAAIgDAQDNzMw+iQMBAFg5NDzoAwEAmpmZPukDAQAAAKBA6gMBAJqZmT7rAwEAzcxMP+wDAQAAAIA/7QMBAAAAgD/uAwEAMzMzv+8DAQBmZmY/8AMBAFg5NDzxAwEAAAAAAPIDAQAAAAAA8wMCAMgAAAD0AwEAmpkZP/UDAQCamZk/9gMCABQAAAD3AwEAzczMPvgDAQAAAAAA+QMBAM3MTD/6AwEAAACAP/sDAQAAAAAA/AMBAM3MTD79AwEAAAAAAP4DAQAAAAAA/wMBAJqZmT4ABAIAAgAAAAEEAQAAAAAAAgQBAG8SAzoDBAEAAACAPwQEAQAAAAAABQQBAAAAgD8GBAEAexRuPwcEAQDNzMw+CAQBAGZmBkAJBAEAmpkZPgoEAQDNzAw/CwQBAAAAgD8MBAEAAACAPg0EAQDNzEw+DgQBAM3MzD0PBAEAMzOzPkwEAQAAAAA/TQQBAAAAAABOBAEAAAAAAE8EAQDNzEw+UAQBAM3MTD+wBAIACQAAALEEAgAEAAAAsgQCAAwAAACzBAEAAACAP7QEAQAAAIA/tQQBAJqZGT+2BAEAPQpXP7cEAQAAAADAuAQBAAAAAAC5BAEAAACAv7oEAQC4HgU+uwQBAPLSTT68BAEAmpmZP70EAQAAAAAAvgQCAAAAAAAUBQEAexSuPhUFAQDwp4Y+FgUBAG8SAz0XBQEACtcjPBgFAQAfhWs/GQUBAG8SAz0aBQEAbxKDOhsFAQAxDMM6HAUBADMzsz4dBQEAF7fROx4FAQCPwnU9HwUBAJqZeUAgBQEAhetRPyEFAQCmm0Q7IgUBAAAAAAAjBQEA4XoUPyQFAQDD9ag+JQUBAAAAwD8=,4032x3024,8,Back Normal,,-rwx------,72,4032,2.8,,,18.0,,,,"(Binary data 32 bytes, use -b option to extract)",19.21874809,3024,0.004 mm,41FDD9B1-E8C3-4D6B-BE3F-2C41AAA3E325,"SMPTE ST 2084, ITU BT.2100 PQ",2024:01:01 00:00:00,0.2.0.0,,2024:09:20 14:44:22+09:00,2025:01:26 21:00:37+09:00,0.160522,2024:09:20 14:44:22,Apple,157,,2024:09:20 14:44:22.360+09:00,,0.96419 1 0.82489,,Yes,"Off, Did not fire",0,8,,,km/h,22.34 m,4.2,7.7,2024:09:20 05:44:17.04Z,True North,3.227528,,iPhone 16 Pro Max
Display P3 Primaries; PQ (Gain Map Preview 42C1586E35411E4A),,,2.2,Picture,63 (level 2.1),4032x3024,242,0.9642 1 0.82491,"Main Still Picture, Main 10, Main",1.634863258,0,12.2,0,L008,Horizontal (Normal),"Copyright Apple Inc., 2024",North,1/120,1.04788 0.02292 -0.0502 0.02959 0.99048 -0.01706 -0.00923 0.01508 0.75168,,,,13.1,0.1571 0.06657 0.78407,,./1/IMG_0016.HEIC,,"Not Embedded, Independent",+09:00,4032,,1:51:01,1,37,Display Device Profile,,,2.2 mm (35 mm equivalent: 14.0 mm),,,,,,,0.0.0,portraiteffectsmatte,123,,176 0 0 0 0 0,Auto,Main Tier,,65537,,,True North,L008,1000000000,urn:com:apple:photo:2018:aux:portraiteffectsmatte,2.2 mm,1,,,,,64,Apple Computer Inc.,2024:09:20,,High Efficiency Image Format HEVC still image (.HEIC),100,iPhone 16 Pro Max back triple camera 2.22mm f/2.2,image/heic,,Apple Computer Inc.,2024:09:20 11:41:31.292+09:00,Apple Computer Inc.,1.00999999,2025:01:26 18:38:17+09:00,IMG_0016.HEIC,./1,+09:00,,02:41:30,82 1 87,nclx,,Above Sea Level,,,,0.29198 0.69225 0.04189,,,"37 deg 30' 48.13"" N",One-chip color area,,General Composite Image,inches,72,,iPhone 16 Pro Max back triple camera 2.22mm f/2.2,a17c275cf18e8789bd0f8a11976119af,+09:00,,Scene,,,,10 10 10,,,"Reflective, Glossy, Positive, Color",IMG_0016.HEIC,Multi-segment,,Perceptual,0 100 0,,,Directly photographed,,,,2.2,1/120,-0.03788947314 -0.9967313414 0.08533717692,,HEIC,,,3.9 MB,,,,Auto,Valid,296.5288999,,25.5 m Above Sea Level,0,iPhone 16 Pro Max,Apple Computer Inc.,,acsp,14.15121945 m,0232,,,,21419,6660786743875,Uncalibrated,XYZ ,0,XMP Core 6.0.0,18.0,"(Binary data 6412 bytes, use -b option to extract)",,,15,"(Binary data 32 bytes, use -b option to extract)",,5685,,,,,,2000 1511 2217 1330,65536,,5.728793774,292,2.220000029-15.65999985mm f/1.779999971-2.8,Yes,,Full,heic,292,3024,3895923,Conforming,,,,,,,,Apple,,"37 deg 30' 48.13"" N, 127 deg 3' 34.81"" E","Big-endian (Motorola, MM)",,,,Main Still Picture,2024:09:20 11:41:31,,,,"127 deg 3' 34.81"" E",East,,Rotate 90 CW,,RGB ,0,"['mif1', 'MiHB', 'MiHA', 'heix', 'MiHE', 'MiPr', 'miaf', 'heic', 'tmap']",1/120,"(Binary data 6412 bytes, use -b option to extract)",2024:09:20 11:41:31+09:00,0,"(Binary data 230 bytes, use -b option to extract)",Identity matrix,0.02458568709,2024:09:20 11:41:31,,,,,,,Unknown,,No,0.51512 0.2412 -0.00105,4032x3024 0 1029 2880 2160 0 515 2016 1512 0 0 64 0 0 15 16960 27 38145 15 16960 65531 21772 15 16960 27 38145 15 16960 13 24497 15 16960 0 10 15 16960 0 10 15 16960,,,SMPTE EG 432-1,296.5288999,Program AE,4:2:0,14 mm,183,49,"(Binary data 32 bytes, use -b option to extract)",5283876,4.0.0,104.3 deg,,4032x3024,8,Back Normal,,-rwx------,72,4032,2.2,,,,,,,"(Binary data 32 bytes, use -b option to extract)",33.3505707,3024,0.005 mm,956D4004-5AAB-4B71-9F91-2659FA3B1D53,"SMPTE ST 2084, ITU BT.2100 PQ",2024:01:01 00:00:00,0.2.0.0,,2024:09:20 11:41:31+09:00,2025:01:26 19:03:57+09:00,,2024:09:20 11:41:31,Apple,,,2024:09:20 11:41:31.292+09:00,,0.96419 1 0.82489,,Yes,"Off, Did not fire",,8,,,km/h,0.47 m,9.8,6.3,2024:09:20 02:41:30Z,True North,3.500636,,iPhone 16 Pro Max
Display P3 Primaries; PQ (Gain Map Preview 734A4450F8BF505A),,,1.8,Picture,63 (level 2.1),3024x4032,198,0.9642 1 0.82491,"Main Still Picture, Main 10, Main",1.673535109,0,12.2,0,L008,Horizontal (Normal),"Copyright Apple Inc., 2024",North,1/30,1.04788 0.02292 -0.0502 0.02959 0.99048 -0.01706 -0.00923 0.01508 0.75168,,普通灰度系数2.2描述文件,일반 회색 감마 2.2 프로파일,13.1,0.1571 0.06657 0.78407,"[0.4905714285714286, '0.48742857142857149']",./1/IMG_0037.heic,"Perfil genérico de gamma de grises 2,2","Not Embedded, Independent",+09:00,3024,"['0.49399999999999999', '0.49249999999999999']",4:12:57,1,88,Display Device Profile,,,6.8 mm (35 mm equivalent: 48.0 mm),"Perfil genérico de cinzentos da Gamma 2,2","Yleinen harmaan gamma 2,2 -profiili",Γενικό Γκρι Γάμμα 2.2,True,"['normalized', 'normalized']",230,0.0.0,portraiteffectsmatte,86,,176 0 0 0 0 0,Auto,Main Tier,"(Binary data 14 bytes, use -b option to extract)",65537,"[5678.197265625, 0.0, 0.0, 0.0, 5678.197265625, 0.0, 2034.001708984375, 1515.7471923828125, 1]","Genel Gri Gama 2,2",True North,L008,1000000000,urn:com:apple:photo:2018:aux:portraiteffectsmatte,6.8 mm,1,Obecná šedá gama 2.2,,"[0.0, '-0.58862090110778809', '0.054884079843759537', '-0.0019162902608513832', -5.455565315060085e-06, 2.1160301457712194e-06, -5.074943132399312e-08, 3.7689529275297673e-10]",,500,Apple Computer Inc.,2024:09:20,Generic Gray Gamma 2.2 Profile,High Efficiency Image Format HEVC still image (.HEIC),100,iPhone 16 Pro Max back triple camera 6.765mm f/1.78,image/heic,0.5,Apple Computer Inc.,2024:09:20 14:44:31.834+09:00,Apple Computer Inc.,1.00999999,2025:01:26 18:37:34+09:00,IMG_0037.heic,./1,+09:00,,05:44:29.04,84 1 44,nclx,relative,Above Sea Level,2024:09:20 14:44:31,"Generisk grå 2,2 gamma-profil",,0.29198 0.69225 0.04189,,,"37 deg 30' 36.01"" N",One-chip color area,,General Composite Image,inches,72,"['Face', 'Focus']",iPhone 16 Pro Max back triple camera 6.765mm f/1.78,2622a0c0c0c000ec60caba325a701e32,+09:00,รังสีแกมมาเกรย์ทั่วไป 2.2,Scene,"Profilo grigio generico della gamma 2,2",,,10 10 10,Gamma de grisos genèrica 2.2,0.00122,"Reflective, Glossy, Positive, Color",IMG_0037.heic,Multi-segment,3024,Perceptual,0 100 0,,4.5,Directly photographed,Загальна Gray-гама 2.2,一般グレイガンマ 2.2 プロファイル,255,1.8,1/30,0.002007711213 -0.9935826663 -0.09256003791,"Общая серая гамма 2,2-профиль",HEIC,Generički Gray Gamma 2.2 profil,,924 kB,2039.758056640625,0.48 - 0.55 m,Cấu hình Màu xám Chung Gamma 2.2,Auto,Valid,95.47883598,,49.7 m Above Sea Level,0,iPhone 16 Pro Max,Apple Computer Inc.,pixel,acsp,58.66413164 m,0232,3024,Általános szürke gamma 2.2,,25484,15176982825833,Uncalibrated,XYZ ,0,XMP Core 6.0.0,18.0,"(Binary data 6412 bytes, use -b option to extract)",0.01891105809,1516.2086181640625,15,"(Binary data 32 bytes, use -b option to extract)","Gama gri generică 2,2",3139,"['0.28000000000000003', '0.27700000000000002']",,גאמה אפור כללי 2.2,Portrait,"Perfil Genérico da Gama de Cinzas 2,2",1965 1488 836 837,65536,,0.09542682142,834,2.220000029-15.65999985mm f/1.779999971-2.8,Yes,,Full,heic,834,4032,898922,Conforming,,1.323242,347,,65541,"Všeobecná sivá gama 2,2",,Apple,,"37 deg 30' 36.01"" N, 127 deg 3' 36.10"" E","Big-endian (Motorola, MM)","Allgemeines Graustufen-Profil Gamma 2,2",,,Main Still Picture,2024:09:20 14:44:31,"['0.20952380952380956', '0.20533333333333348']",4032,4032,"127 deg 3' 36.10"" E",East,,Horizontal (normal),,RGB ,1,"['mif1', 'MiHB', 'MiHE', 'MiPr', 'miaf', 'heic', 'tmap']",1/30,"(Binary data 6412 bytes, use -b option to extract)",2024:09:20 14:44:31+09:00,0,"(Binary data 254 bytes, use -b option to extract)",Identity matrix,0,2024:09:20 14:44:31,high,"Algemeen grijs gamma 2,2-profiel",647,"[0.0, '0.57965749502182007', '-0.051952246576547623', '0.0017147734761238098', 8.821076335152611e-06, -2.0119480268476764e-06, 4.712545376150956e-08, -3.5278291399265527e-10]","[1, 0.0, 0.0, 0.0, 1, 0.0, 0.0, 0.0, 1, 0.0, 0.0, 0.0]",,Unknown,,No,0.51512 0.2412 -0.00105,3024x4032 0 770 1512 2016 0 0 64 0 0 15 16960 27 26426 15 16960 65535 54641 15 16960 27 26426 15 16960 11 15920 15 16960 0 10 15 16960 0 10 15 16960,,,SMPTE EG 432-1,95.47883598,Program AE,4:2:0,48 mm,205,49,"(Binary data 32 bytes, use -b option to extract)",5290036,4.0.0,41.1 deg,UkVORAcAAABIBQAAAQAAAGQAAgAAAAAAZQACAAIAAABmAAEAj8L1PGcAAQDNzMw9aAABAArXIz1pAAEAMzOzP2oAAQDNzEw9awABAJqZmT5sAAEAAADAP20AAQBiEChAbgACABQAAABvAAEAzcxMPXAAAQDNzMw8cQABAArXIzxyAAEAzczMPXMAAQDNzMw9dAABAAAAgD91AAEAAABAP3YAAQBmZmY/dwABAJqZmT94AAEAAAAAQHkAAQDNzMw+egABAM3MzD17AAEAAACAP3wAAQAAAABAfQABAAAAAEF+AAEAF7fROH8AAgAyAAAAgAABAAAAgD/IAAEA7FG4PckAAQCamVk/ygABABe3UTksAQEACtcjPC0BAQAXSJI5LgEBADVeuj0vAQEAMzOzPzABAQDgLRA7MQEBAFoMQzoyAQEAAACAPzMBAQAAAIA/kAECADEAAACRAQEAEBh8PpIBAQAMEj1BkwEBANqsyT2UAQEACtcjO5UBAQCPwvU7lgEBAGZmZj+XAQEAAACAP5gBAQAAAAAAmQEBAM3MTD7CAQEAadbaQMMBAQAbSp1BxAEBALAvGT/FAQEAbzpeQMYBAQAAAFBB8gECAAkAAADzAQIADAAAAPQBAgAJAAAA9QEBAAAAekT2AQEAAAAAAPcBAQBSuJ4++AEBAAAAAED5AQEAAACWQ/oBAQDNzEw9+wEBAM3MzD78AQIAAgAAAP0BAQAAAIA+/gEBAAAAwD//AQEAMzNzPwACAgAHAAAAAQIBAAAAgD8CAgEAAAAAAFgCAQAAAJBAWQIBADMzsz9aAgEAAACAQVsCAQAAAIA/vAIBAAAAAAC9AgEAAAAAACADAgADAAAAIQMBAM3MTL0iAwEACtejPCMDAQDNzEy9JAMBAI/C9T2EAwEAzcxMP4UDAQAAAIA/hgMBAAAAAACHAwEAAAAAAIgDAQDNzMw+iQMBAAAAAADoAwEAmpmZPukDAQAAAKBA6gMBAJqZmT7rAwEAzcxMP+wDAQAAAAAA7QMBAAAAgD/uAwEAMzMzv+8DAQBmZmY/8AMBAAAAAADxAwEAAAAAAPIDAQAAAAAA8wMCAFoAAAD0AwEAzczMPvUDAQDNzEw+9gMCABQAAAD3AwEAzczMPvgDAQAAAAAA+QMBAM3MTD/6AwEAAACAP/sDAQAAAAAA/AMBAM3MTD79AwEAAAAAAP4DAQAAAAAA/wMBAJqZmT4ABAIAAgAAAAEEAQAAAAAAAgQBAG8SAzoDBAEAAACAPwQEAQAAAAAABQQBAAAAgD8GBAEAzcxMPwcEAQCamZk+CAQBAM3MDEAJBAEAzczMPQoEAQAzM7M+CwQBAAAAgD8MBAEAmpmZPg0EAQCamZk+DgQBAM3MzD0PBAEAmpkZPkwEAQAAAAA/TQQBAAAAAABOBAEAAAAAAE8EAQDNzEw+UAQBAM3MTD+wBAIACQAAALEEAgAEAAAAsgQCAAwAAACzBAEAAACAP7QEAQAAAIA/tQQBAFyPwj62BAEApHA9P7cEAQAAAADAuAQBAAAAAAC5BAEAAACAv7oEAQDNzEw9uwQBAJqZGT68BAEAAADAP70EAQCamRk/vgQCAAEAAAAUBQEAMzMzPhUFAQDsUTg+FgUBAArXIz0XBQEAzcxMPhgFAQDhelQ/GQUBAGDlUD0aBQEAbxIDOxsFAQAXt9E4HAUBAM3MDD8dBQEAbAl5Ox4FAQAAAIA+HwUBALgeNUAgBQEAj8I1PyEFAQBvEoM6IgUBAAAAAAAjBQEAZmZmPyQFAQDD9ag+JQUBAAAAwD8=,3024x4032,8,Back Normal,"Uniwersalny profil szarości gamma 2,2",-rwx------,72,3024,1.8,,"Generisk grå gamma 2,2-profil",18.0,,,"Profil générique gris gamma 2,2","(Binary data 32 bytes, use -b option to extract)",27.87823869,4032,0.004 mm,8DEAD8E6-4CC8-47BA-A4E1-0603B8C77501,"SMPTE ST 2084, ITU BT.2100 PQ",2024:01:01 00:00:00,0.2.0.0,"Generisk grå 2,2 gammaprofil",2024:09:20 14:44:31+09:00,2025:01:26 21:38:18+09:00,0.120972,2024:09:20 14:44:31,Apple,1768,,2024:09:20 14:44:31.834+09:00,غاما 2.2 لون رمادي عام,0.96419 1 0.82489,,Yes,"Off, Did not fire",0,8,,,km/h,6.07 m,4.2,7.1,2024:09:20 05:44:29.04Z,True North,3.472317,通用灰階光度2.2色彩描述,iPhone 16 Pro Max
DCI-P3 D65 Gamut with sRGB Transfer,JPEG (old-style),2024:09:20 11:41:36.671+09:00,2.2,,,4000x3000,,0.9642 1 0.82491,,,,12.0,,,,"Copyright (c) 2022 Samsung Electronics Co., Ltd.",North,1,1.04781 0.02289 -0.05013 0.02954 0.99048 -0.01704 -0.00923 0.01505 0.75214,"Baseline DCT, Huffman coding",,,13.1,0.15718 0.06659 0.78455,,./1/20240920_114136.jpg,,"Not Embedded, Independent",+09:00,4000,,,,,Display Device Profile,53926,0100,2.2 mm (35 mm equivalent: 13.0 mm),,,,,,,,,,JPEG,,Auto,,,,,,,,,,2.2 mm,,,,,,50,Unknown (SEC),,,,,,image/jpeg,,Unknown (SEC),2024:09:20 11:41:36.671+09:00,Unknown (SEC),,2025:01:26 18:57:12+09:00,20240920_114136.jpg,./1,+09:00,1016,,,,,Above Sea Level,,,Standard,0.29195 0.69223 0.04189,97287,Undefined,"37 deg 30' 48.74"" N",,,,inches,72,,,0,,,,,Centered,,,,,"Reflective, Glossy, Positive, Color",20240920_114136.jpg,Center-weighted average,,Perceptual,,0,,,,,,2.2,1/547,,,JPEG,,,4.9 MB,,,,Auto,,,,46 m Above Sea Level,,,,,acsp,,0220,,,0100,,,Uncalibrated,XYZ ,0,Adobe XMP Core 5.1.2,S928NKSU3AXH7,,,,,"(Binary data 32 bytes, use -b option to extract)",,,,8,,,,,,"(Binary data 97287 bytes, use -b option to extract)",7.19,671,,,671,,jpg,671,3000,,,4774063,,,3,,,,samsung,South Korea (450),"37 deg 30' 48.74"" N, 127 deg 3' 34.78"" E","Little-endian (Intel, II)",,(none),1.0,,2024:09:20 11:41:36,,,,"127 deg 3' 34.78"" E",East,2,Rotate 90 CW,"['Primary', 'GainMap']",RGB ,,,1/547,,2024:09:20 11:41:36.671+09:00,,,,,2024:09:20 11:41:36,,,,,,YCbCr4:2:0 (2 2),,,,0.51508 0.24117 -0.00105,,1,,,,Program AE,,13 mm,,,"(Binary data 32 bytes, use -b option to extract)",,4.3.0,108.3 deg,,,,,,-rwx------,72,4000,2.2,"['image/jpeg', 'image/jpeg']",,,97287,,,"(Binary data 32 bytes, use -b option to extract)",,3000,0.005 mm,,,2022:07:01 00:00:00,,,2024:09:20 11:41:39+09:00,2025:01:26 19:29:02+09:00,,2024:09:20 11:41:36,,,K12XSPE01NM,2024:09:20 11:41:36.671,,0.9642 1 0.82491,"(Binary data 53926 bytes, use -b option to extract)",,No Flash,,,2.2,0,,0.43 m,12.4,5.9,,,,,Galaxy S24 Ultra
DCI-P3 D65 Gamut with sRGB Transfer,JPEG (old-style),2024:09:20 14:43:38.616+09:00,1.7,,,4000x3000,,0.9642 1 0.82491,,,,12.0,,,,"Copyright (c) 2022 Samsung Electronics Co., Ltd.",North,1,1.04781 0.02289 -0.05013 0.02954 0.99048 -0.01704 -0.00923 0.01505 0.75214,"Baseline DCT, Huffman coding",,,13.1,0.15718 0.06659 0.78455,,./1/20240920_144338.jpg,,"Not Embedded, Independent",+09:00,4000,,,,,Display Device Profile,57481,0100,6.3 mm (35 mm equivalent: 23.0 mm),,,,,,,,,,JPEG,,Auto,,,,,,,,,,6.3 mm,,,,,,320,Unknown (SEC),,,,,,image/jpeg,,Unknown (SEC),2024:09:20 14:43:38.616+09:00,Unknown (SEC),,2025:01:26 18:37:34+09:00,20240920_144338.jpg,./1,+09:00,996,,,,,Above Sea Level,,,Standard,0.29195 0.69223 0.04189,42213,Undefined,"37 deg 30' 38.31"" N",,,,inches,72,,,0,,,,,Centered,,,,,"Reflective, Glossy, Positive, Color",20240920_144338.jpg,Center-weighted average,,Perceptual,,0,,,,,,1.7,1/30,,,JPEG,,,3.6 MB,,,,Auto,,,,41 m Above Sea Level,,,,,acsp,,0220,,,0100,,,Uncalibrated,XYZ ,0,Adobe XMP Core 5.1.2,S928NKSU3AXH7,,,,,"(Binary data 32 bytes, use -b option to extract)",,,,8,,,,,,"(Binary data 42213 bytes, use -b option to extract)",,616,,,616,,jpg,616,3000,,,3571884,,,3,,,,samsung,South Korea (450),"37 deg 30' 38.31"" N, 127 deg 3' 34.74"" E","Little-endian (Intel, II)",,(none),1.0,,2024:09:20 14:43:38,,,,"127 deg 3' 34.74"" E",East,2,Rotate 90 CW,"['Primary', 'GainMap']",RGB ,,,1/30,,2024:09:20 14:43:38.616+09:00,,,,,2024:09:20 14:43:38,,,,,,YCbCr4:2:0 (2 2),,,,0.51508 0.24117 -0.00105,,1,,,,Program AE,,23 mm,,,"(Binary data 32 bytes, use -b option to extract)",,4.3.0,76.1 deg,,,,,,-rwx------,72,4000,1.7,"['image/jpeg', 'image/jpeg']",,,42213,,,"(Binary data 32 bytes, use -b option to extract)",,3000,0.008 mm,,,2022:07:01 00:00:00,,,2024:09:20 14:43:39+09:00,2025:01:26 19:03:57+09:00,,2024:09:20 14:43:38,,,HK0XLQE00SM,2024:09:20 14:43:38.616,,0.9642 1 0.82491,"(Binary data 57481 bytes, use -b option to extract)",,No Flash,,,1.7,0,,2.84 m,4.8,3.7,,,,,Galaxy S24 Ultra
Display P3 Primaries; PQ (Gain Map Preview A54A98B3D9E9A90B),,,1.8,Picture,63 (level 2.1),5712x4284,192,0.9642 1 0.82491,"Main Still Picture, Main 10, Main",1.712207079,0,24.5,0,L008,Horizontal (Normal),"Copyright Apple Inc., 2024",North,1/60,1.04788 0.02292 -0.0502 0.02959 0.99048 -0.01706 -0.00923 0.01508 0.75168,,,,13.1,0.1571 0.06657 0.78407,"['0.44814285714285718', '0.44866666666666666']",./1/IMG_0034.HEIC,,"Not Embedded, Independent",+09:00,5712,"['0.57050000000000001', '0.57350000000000001']",4:12:05,1,87,Display Device Profile,,,6.8 mm (35 mm equivalent: 24.0 mm),,,,True,"['normalized', 'normalized']",268,0.0.0,portraiteffectsmatte,81,,176 0 0 0 0 0,Auto,Main Tier,"(Binary data 14 bytes, use -b option to extract)",65537,"[2831.1279296875, 0.0, 0.0, 0.0, 2831.1279296875, 0.0, 2055.76025390625, 1520.62158203125, 1]",,True North,hdis,1000000000,urn:mpeg:hevc:2015:auxid:2,6.8 mm,1,,,"[0.0, '-0.59096169471740723', '0.054654039442539215', '-0.0019104653038084507', -5.39565098733874e-06, 2.1135467704880284e-06, -5.067973773975609e-08, 3.7532527086270306e-10]",,640,Apple Computer Inc.,2024:09:20,,High Efficiency Image Format HEVC still image (.HEIC),100,iPhone 16 Pro Max back triple camera 6.765mm f/1.78,image/heic,0.5,Apple Computer Inc.,2024:09:20 14:43:40.235+09:00,Apple Computer Inc.,1.00999999,2025:01:26 18:37:34+09:00,IMG_0034.HEIC,./1,+09:00,,05:43:35.06,82 1 30,nclx,relative,Above Sea Level,2024:09:20 14:43:40,,,0.29198 0.69225 0.04189,,,"37 deg 30' 35.91"" N",One-chip color area,,General Composite Image,inches,72,"['Face', 'Focus']",iPhone 16 Pro Max back triple camera 6.765mm f/1.78,e793eb94e655fbef0b780aab9e4f3048,+09:00,,Scene,,,,10 10 10,,0.00244,"Reflective, Glossy, Positive, Color",IMG_0034.HEIC,Multi-segment,3024,Perceptual,0 100 0,,2.8,Directly photographed,,,255,1.8,1/60,0.03061741219 -1.008120895 -0.06190863249,,HEIC,,,2.7 MB,2033.060546875,1.05 - 1.48 m,,Auto,Valid,81.41361237,,51.8 m Above Sea Level,0,iPhone 16 Pro Max,Apple Computer Inc.,pixel,acsp,59.03748006 m,0232,4284,,,24672,15125428841625,Uncalibrated,XYZ ,0,XMP Core 6.0.0,18.0,"(Binary data 6412 bytes, use -b option to extract)",0.0218925178,1530.03857421875,15,"(Binary data 32 bytes, use -b option to extract)",,3213,"['0.14700000000000002', '0.14500000000000002']",,,,,2560 2447 616 621,65536,,0.4315751955,235,2.220000029-15.65999985mm f/1.779999971-2.8,Yes,,Full,heic,235,4284,2633746,Conforming,,2.751953,346,,65541,,,Apple,,"37 deg 30' 35.91"" N, 127 deg 3' 36.35"" E","Big-endian (Motorola, MM)",,,,Main Still Picture,2024:09:20 14:43:40,"['0.10999999999999993', '0.10895238095238091']",5712,4032,"127 deg 3' 36.35"" E",East,,Rotate 90 CW,,RGB ,1,"['mif1', 'MiHB', 'MiHA', 'heix', 'MiHE', 'MiPr', 'heic', 'miaf', 'tmap']",1/60,"(Binary data 6412 bytes, use -b option to extract)",2024:09:20 14:43:40+09:00,0,"(Binary data 242 bytes, use -b option to extract)",Identity matrix,0,2024:09:20 14:43:40,high,,711,"[0.0, '0.58187991380691528', '-0.05171772837638855', '0.001709336880594492', 8.755584531172644e-06, -2.0095394575037062e-06, 4.706231138129624e-08, -3.514399882220687e-10]","[1, 0.0, 0.0, 0.0, 1, 0.0, 0.0, 0.0, 1, 0.0, 0.0, 0.0]",,Unknown,,No,0.51512 0.2412 -0.00105,5712x4284 0 516 2856 2142 0 1287 4096 3072 0 0 64 0 0 15 16960 27 14708 15 16960 0 0 15 16960 27 14708 15 16960 11 12991 15 16960 0 10 15 16960 0 10 15 16960,,,SMPTE EG 432-1,81.41361237,Program AE,4:2:0,24 mm,191,46,"(Binary data 32 bytes, use -b option to extract)",8595224612,4.0.0,73.7 deg,UkVORAcAAABIBQAAAQAAAGQAAgAAAAAAZQACAAIAAABmAAEAj8L1PGcAAQDNzMw9aAABAArXIz1pAAEAMzOzP2oAAQDNzEw9awABAJqZmT5sAAEAzczMP20AAQAAAABAbgACABQAAABvAAEAzcxMPXAAAQBYOTQ8cQABAArXIzxyAAEAzczMPXMAAQAK1yM9dAABAAAAgD91AAEAAABAP3YAAQBmZmY/dwABAJqZmT94AAEAAAAAQHkAAQDNzMw+egABAM3MzD17AAEAAACAP3wAAQAAAABAfQABAAAAAEF+AAEAF7fROH8AAgAyAAAAgAABAAAAgD/IAAEAPQoXP8kAAQAAAEA/ygABAPfMEjksAQEACtcjPC0BAQAXSJI5LgEBADVeuj0vAQEAMzOzPzABAQDgLRA7MQEBAFoMQzoyAQEAAACAPzMBAQAAAIA/kAECADIAAACRAQEAAACAPpIBAQAAAEBBkwEBAAAAgD6UAQEAQmBlO5UBAQCZuxY8lgEBAGZmZj+XAQEAAACAP5gBAQAAAAAAmQEBAM3MTD7CAQEAMm7cQMMBAQDfxIlBxAEBAB5CBD/FAQEAMm5cQMYBAQAzM5tA8gECAAkAAADzAQIADAAAAPQBAgAJAAAA9QEBAAAAekT2AQEAmpkZPvcBAQBSuJ4++AEBAAAAAED5AQEAAMAPRfoBAQDNzEw9+wEBADMzsz78AQIAAgAAAP0BAQApXI8+/gEBAKRwnT//AQEAZmZmPwACAgAGAAAAAQIBAAAAgD8CAgEAAAAAAFgCAQAzMzNAWQIBADMzsz9aAgEAAACAQVsCAQDsUbg/vAIBAAAAAAC9AgEAAAAAACADAgADAAAAIQMBAM3MTL0iAwEACtejPCMDAQDNzEy9JAMBAI/C9T2EAwEAzcxMP4UDAQAAAIA/hgMBAAAAAACHAwEAAAAAAIgDAQDNzMw+iQMBAOAtkDroAwEAmpmZPukDAQAAAKBA6gMBAJqZmT7rAwEAzcxMP+wDAQAAAAAA7QMBAAAAgD/uAwEAMzMzv+8DAQBmZmY/8AMBAI/C9TzxAwEAbxKDOvIDAQAAAAAA8wMCAIcAAAD0AwEAzczMPvUDAQAAAIA/9gMCABQAAAD3AwEAzczMPvgDAQAAAAAA+QMBAM3MTD/6AwEAAACAP/sDAQAAAAAA/AMBAM3MTD79AwEAAAAAAP4DAQAAAAAA/wMBAM3MzD8ABAIAAgAAAAEEAQAAAAAAAgQBAG8SAzoDBAEAmplZPwQEAQAAAAAABQQBAAAAgD8GBAEAzcxMPwcEAQCamZk+CAQBAAAAAEAJBAEAexQuPgoEAQAzM7M+CwQBAAAAgD8MBAEAAAAAAA0EAQCamZk+DgQBAM3MzD0PBAEAzcxMPkwEAQBmZuY+TQQBAAAAAABOBAEAAAAAAE8EAQDNzMw9UAQBAGZmZj+wBAIACQAAALEEAgAEAAAAsgQCAAwAAACzBAEAAACAP7QEAQAAAIA/tQQBAD0K1z62BAEAAABAP7cEAQAAAADAuAQBAAAAAAC5BAEAAACAv7oEAQCamRk+uwQBAM3MzD28BAEAmpmZP70EAQBcj8I+vgQCAAQAAAAUBQEAFK6HPhUFAQC/fV0+FgUBAPT9VDwXBQEAj8L1PBgFAQDD9Wg/GQUBAKabRD0aBQEAbxIDOhsFAQBfKUs7HAUBAPYoHD8dBQEAzczMPB4FAQAK1yM8HwUBADMzM0AgBQEAMzMzPyEFAQAXt9E6IgUBAI/C9TwjBQEAZmZmPyQFAQCamZk+JQUBAAAAwD8=,5712x4284,8,Back Normal,,-rwx------,72,5712,1.8,,,18.0,,,,"(Binary data 32 bytes, use -b option to extract)",34.9051132,4284,0.008 mm,27D548C0-AA72-473A-8F49-0EEE918193C4,"SMPTE ST 2084, ITU BT.2100 PQ",2024:01:01 00:00:00,0.2.0.0,,2024:09:20 14:43:40+09:00,2025:01:26 21:14:30+09:00,0.574707,2024:09:20 14:43:40,Apple,1715,,2024:09:20 14:43:40.235+09:00,,0.96419 1 0.82489,,Yes,"Off, Did not fire",0,8,,,km/h,3.04 m,4.9,3.5,2024:09:20 05:43:35.06Z,True North,3.444226,,iPhone 16 Pro Max
DCI-P3 D65 Gamut with sRGB Transfer,JPEG (old-style),2024:09:20 14:44:46.798+09:00,1.7,,,4000x3000,,0.9642 1 0.82491,,,,12.0,,,,"Copyright (c) 2022 Samsung Electronics Co., Ltd.",North,1,1.04781 0.02289 -0.05013 0.02954 0.99048 -0.01704 -0.00923 0.01505 0.75214,"Baseline DCT, Huffman coding",,,13.1,0.15718 0.06659 0.78455,,./1/20240920_144446.jpg,,"Not Embedded, Independent",+09:00,4000,,,,,Display Device Profile,51951,0100,6.3 mm (35 mm equivalent: 23.0 mm),,,,,,,,,,JPEG,,Auto,,,,,,,,,,6.3 mm,,,,,,500,Unknown (SEC),,,,,,image/jpeg,,Unknown (SEC),2024:09:20 14:44:46.798+09:00,Unknown (SEC),,2025:01:26 18:37:34+09:00,20240920_144446.jpg,./1,+09:00,996,,,,,Above Sea Level,,,Standard,0.29195 0.69223 0.04189,43407,Undefined,"37 deg 30' 38.18"" N",,"(Binary data 786636 bytes, use -b option to extract)",,inches,72,,,0,,,,,Centered,"(Binary data 2880027 bytes, use -b option to extract)",,,,"Reflective, Glossy, Positive, Color",20240920_144446.jpg,Center-weighted average,,Perceptual,,0,,,,,,1.7,1/45,,,JPEG,,DualShot_1,6.3 MB,,,,Auto,,,,41 m Above Sea Level,,,,,acsp,,0220,,,0100,,,Uncalibrated,XYZ ,0,Adobe XMP Core 5.1.2,S928NKSU3AXH7,,,,,"(Binary data 32 bytes, use -b option to extract)",,,,8,,,,,,"(Binary data 43407 bytes, use -b option to extract)",,798,,,798,,jpg,798,3000,,,2239813,,,3,,,"(Binary data 786432 bytes, use -b option to extract)",samsung,South Korea (450),"37 deg 30' 38.18"" N, 127 deg 3' 34.70"" E","Little-endian (Intel, II)",,(none),1.0,,2024:09:20 14:44:46,,,,"127 deg 3' 34.70"" E",East,2,Rotate 90 CW,"['Primary', 'GainMap']",RGB ,,,1/45,,2024:09:20 14:44:46.798+09:00,,,,,2024:09:20 14:44:46,,,,,,YCbCr4:2:0 (2 2),,1024,,0.51508 0.24117 -0.00105,,2,768,,,Program AE,,23 mm,,,"(Binary data 32 bytes, use -b option to extract)",,4.3.0,76.1 deg,,,,,,-rwx------,72,4000,1.7,"['image/jpeg', 'image/jpeg']",,,43407,DualShot_DepthMap_1,,"(Binary data 32 bytes, use -b option to extract)",,3000,0.008 mm,,,2022:07:01 00:00:00,,,2024:09:20 14:44:50+09:00,2025:01:26 19:03:57+09:00,,2024:09:20 14:44:46,,,HK0XLQE00SM,2024:09:20 14:44:46.798,,0.9642 1 0.82491,"(Binary data 51951 bytes, use -b option to extract)",,No Flash,,,1.7,0,,2.84 m,4.7,3.7,,,,,Galaxy S24 Ultra
Display P3 Primaries; PQ (Gain Map Preview F98059F0C5AC128E),,,1.8,Picture,63 (level 2.1),4032x3024,174,0.9642 1 0.82491,"Main Still Picture, Main 10, Main",0.006194088141,0,12.2,0,L008,Horizontal (Normal),"Copyright Apple Inc., 2024",North,1/541,1.04788 0.02292 -0.0502 0.02959 0.99048 -0.01706 -0.00923 0.01508 0.75168,,,,13.1,0.1571 0.06657 0.78407,0.64614285714285713,./1/IMG_0014.HEIC,,"Not Embedded, Independent",+09:00,4032,0.6845,1:50:50,1,68,Display Device Profile,,,6.8 mm (35 mm equivalent: 48.0 mm),,,,True,normalized,,0.0.0,portraiteffectsmatte,138,,176 0 0 0 0 0,Auto,Main Tier,"(Binary data 14 bytes, use -b option to extract)",65537,"[5621.74365234375, 0.0, 0.0, 0.0, 5621.74365234375, 0.0, 2033.078369140625, 1508.5166015625, 1]",,True North,hdis,1000000000,urn:mpeg:hevc:2015:auxid:2,6.8 mm,1,,,"[0.0, '-0.59636616706848145', '0.054122932255268097', '-0.0018970167730003595', -5.257320481177885e-06, 2.1078137706354028e-06, -5.051882823181586e-08, 3.717004759540288e-10]",,64,Apple Computer Inc.,2024:09:20,,High Efficiency Image Format HEVC still image (.HEIC),100,iPhone 16 Pro Max back triple camera 6.765mm f/1.78,image/heic,0.5,Apple Computer Inc.,2024:09:20 11:41:20.172+09:00,Apple Computer Inc.,1.00999999,2025:01:26 20:26:53+09:00,IMG_0014.HEIC,./1,+09:00,,02:41:19,284 1 21,nclx,relative,Above Sea Level,2024:09:20 11:41:20,,,0.29198 0.69225 0.04189,,,"37 deg 30' 48.23"" N",One-chip color area,,General Composite Image,inches,72,Focus,iPhone 16 Pro Max back triple camera 6.765mm f/1.78,d5d6583c9c2f5373ab16973f131595b6,+09:00,,Scene,,,,10 10 10,,0.00122,"Reflective, Glossy, Positive, Color",IMG_0014.HEIC,Spot,3024,Perceptual,0 100 0,,4.5,Directly photographed,,,255,1.8,1/541,-0.03286730498 -0.9836432936 0.130311057,,HEIC,,,2.2 MB,2032.931640625,0.42 - 0.80 m,,Auto,Valid,299.494751,,29.3 m Above Sea Level,0,iPhone 16 Pro Max,Apple Computer Inc.,pixel,acsp,14.2540317 m,0232,3024,,,22198,6649612783833,Uncalibrated,XYZ ,0,XMP Core 6.0.0,18.0,"(Binary data 6412 bytes, use -b option to extract)",0.01049999986,1513.335693359375,15,"(Binary data 32 bytes, use -b option to extract)",,5826,0.31699999999999995,,,,,2148 1631 747 749,65536,,6.806699054,172,2.220000029-15.65999985mm f/1.779999971-2.8,Yes,,Full,heic,172,3024,2140984,Conforming,,0.90332,,,65541,,,Apple,,"37 deg 30' 48.23"" N, 127 deg 3' 34.56"" E","Big-endian (Motorola, MM)",,,,Main Still Picture,2024:09:20 11:41:20,0.2378095238095238,4032,4032,"127 deg 3' 34.56"" E",East,,Rotate 90 CW,,RGB ,1,"['mif1', 'MiHB', 'MiHA', 'heix', 'MiHE', 'MiPr', 'heic', 'miaf', 'tmap']",1/541,"(Binary data 6412 bytes, use -b option to extract)",2024:09:20 11:41:20+09:00,0,"(Binary data 242 bytes, use -b option to extract)",Identity matrix,0.02027095928,2024:09:20 11:41:20,high,,,"[0.0, '0.58701092004776001', '-0.051176272332668304', '0.0016967850970104337', 8.604377399024088e-06, -2.0039783521497156e-06, 4.691652222277298e-08, -3.4833941287004677e-10]","[1, 0.0, 0.0, 0.0, 1, 0.0, 0.0, 0.0, 1, 0.0, 0.0, 0.0]",,Unknown,,No,0.51512 0.2412 -0.00105,4032x3024 0 515 2016 1512 0 1029 2880 2160 0 0 64 0 0 15 16960 39 10502 15 16960 65527 51250 15 16960 39 10502 15 16960 16 13924 15 16960 0 10 15 16960 0 10 15 16960,,,SMPTE EG 432-1,299.494751,Program AE,4:2:0,48 mm,167,49,"(Binary data 32 bytes, use -b option to extract)",5290036,4.0.0,41.1 deg,UkVORAcAAABIBQAAAQAAAGQAAgAAAAAAZQACAAIAAABmAAEAj8L1PGcAAQDNzMw9aAABAArXIz1pAAEAMzOzP2oAAQDNzEw9awABAJqZmT5sAAEAAADAP20AAQBiEChAbgACABQAAABvAAEAzcxMPXAAAQDNzMw8cQABAArXIzxyAAEAzczMPXMAAQDNzMw9dAABAAAAgD91AAEAAABAP3YAAQBmZmY/dwABAJqZmT94AAEAAAAAQHkAAQDNzMw+egABAM3MzD17AAEAAACAP3wAAQAAAABAfQABAAAAAEF+AAEAF7fROH8AAgAyAAAAgAABAAAAgD/IAAEA7FG4PckAAQCamVk/ygABABe3UTksAQEACtcjPC0BAQAXSJI5LgEBADVeuj0vAQEAMzOzPzABAQDgLRA7MQEBAFoMQzoyAQEAAACAPzMBAQAAAIA/kAECAAAAAACRAQEAL0ywN5IBAQAjOYQ6kwEBAL8JDTeUAQEACtcjO5UBAQCPwvU7lgEBAGZmZj+XAQEAAACAP5gBAQAAAAAAmQEBAM3MTD7CAQEAL0wwOsMBAQCEbf06xAEBAA7RdjjFAQEA2Iu9QMYBAQAAAFBB8gECAAkAAADzAQIADAAAAPQBAgAJAAAA9QEBAAAAekT2AQEAAAAAAPcBAQBSuJ4++AEBAAAAAED5AQEAAACWQ/oBAQDNzEw9+wEBAM3MzD78AQIAAgAAAP0BAQAAAIA+/gEBAAAAwD//AQEAMzNzPwACAgAHAAAAAQIBAAAAgD8CAgEAAAAAAFgCAQAAAJBAWQIBADMzsz9aAgEAAACAQVsCAQAAAIA/vAIBAAAAAAC9AgEAAAAAACADAgADAAAAIQMBAM3MTL0iAwEACtejPCMDAQDNzEy9JAMBAI/C9T2EAwEAzcxMP4UDAQAAAIA/hgMBAAAAAACHAwEAAAAAAIgDAQDNzMw+iQMBAAAAAADoAwEAmpmZPukDAQAAAKBA6gMBAJqZmT7rAwEAzcxMP+wDAQAAAAAA7QMBAAAAgD/uAwEAMzMzv+8DAQBmZmY/8AMBAAAAAADxAwEAAAAAAPIDAQAAAAAA8wMCAFoAAAD0AwEAzczMPvUDAQDNzEw+9gMCABQAAAD3AwEAzczMPvgDAQAAAAAA+QMBAM3MTD/6AwEAAACAP/sDAQAAAAAA/AMBAM3MTD79AwEAAAAAAP4DAQAAAAAA/wMBAJqZmT4ABAIAAgAAAAEEAQAAAAAAAgQBAG8SAzoDBAEAAACAPwQEAQAAAAAABQQBAAAAgD8GBAEAzcxMPwcEAQCamZk+CAQBAM3MDEAJBAEAzczMPQoEAQAzM7M+CwQBAAAAgD8MBAEAmpmZPg0EAQCamZk+DgQBAM3MzD0PBAEAmpkZPkwEAQAAAAA/TQQBAAAAAABOBAEAAAAAAE8EAQDNzEw+UAQBAM3MTD+wBAIACQAAALEEAgAEAAAAsgQCAAwAAACzBAEAAACAP7QEAQAAAIA/tQQBAFyPwj62BAEApHA9P7cEAQAAAADAuAQBAAAAAAC5BAEAAACAv7oEAQDNzEw9uwQBAJqZGT68BAEAAADAP70EAQCamRk/vgQCAAEAAAAUBQEAMzMzPhUFAQDsUTg+FgUBAArXIz0XBQEAzcxMPhgFAQDhelQ/GQUBAGDlUD0aBQEAbxIDOxsFAQAXt9E4HAUBAM3MDD8dBQEAbAl5Ox4FAQAAAIA+HwUBALgeNUAgBQEAj8I1PyEFAQBvEoM6IgUBAAAAAAAjBQEAZmZmPyQFAQDD9ag+JQUBAAAAwD8=,4032x3024,8,Back Normal,,-rwx------,72,4032,1.8,,,18.0,,,,"(Binary data 32 bytes, use -b option to extract)",48.15984347,3024,0.004 mm,2A25DBB6-9D3C-4CB9-A5EE-FB33D9705AAA,"SMPTE ST 2084, ITU BT.2100 PQ",2024:01:01 00:00:00,0.2.0.0,,2024:09:20 11:41:20+09:00,2025:01:26 20:26:55+09:00,0.0,2024:09:20 11:41:20,Apple,,,2024:09:20 11:41:20.172+09:00,,0.96419 1 0.82489,,Yes,"Off, Did not fire",0,8,,,km/h,6.07 m,11.4,7.1,2024:09:20 02:41:19Z,True North,5.923321,,iPhone 16 Pro Max
Display P3 Primaries; PQ (Gain Map Preview 7AA82D70CACB31F3),,,2.8,Picture,63 (level 2.1),4032x3024,150,0.9642 1 0.82491,"Main Still Picture, Main 10, Main",1.312597633,0,12.2,0,L008,Horizontal (Normal),"Copyright Apple Inc., 2024",North,1/113,1.04788 0.02292 -0.0502 0.02959 0.99048 -0.01706 -0.00923 0.01508 0.75168,,,,13.1,0.1571 0.06657 0.78407,0.61901559601113187,./1/IMG_0015.HEIC,,"Not Embedded, Independent",+09:00,4032,0.55499999999999994,1:50:57,1,66,Display Device Profile,,,15.7 mm (35 mm equivalent: 120.0 mm),,,,True,normalized,,0.0.0,portraiteffectsmatte,4026,,176 0 0 0 0 0,Auto,Main Tier,"(Binary data 14 bytes, use -b option to extract)",65537,"[14163.8232421875, 0.0, 0.0, 0.0, 14163.8232421875, 0.0, 1950.0693359375, 1468.9207763671875, 1]",,True North,hdis,1000000000,urn:mpeg:hevc:2015:auxid:2,15.7 mm,1,,,"[0.0, '-0.11634295433759689', '0.0025413150433450937', 0.0, 0.0, 0.0, 0.0, 0.0]",,64,Apple Computer Inc.,2024:09:20,,High Efficiency Image Format HEVC still image (.HEIC),0,iPhone 16 Pro Max back triple camera 15.66mm f/2.8,image/heic,0.5,Apple Computer Inc.,2024:09:20 11:41:27.208+09:00,Apple Computer Inc.,1.00999999,2025:01:26 18:38:17+09:00,IMG_0015.HEIC,./1,+09:00,,02:41:26,839 1 22,nclx,relative,Above Sea Level,2024:09:20 11:41:27,,,0.29198 0.69225 0.04189,,,"37 deg 30' 48.20"" N",One-chip color area,,General Composite Image,inches,72,Focus,iPhone 16 Pro Max back triple camera 15.66mm f/2.8,e7e522e67d1ae4c286fe59d93cc3cfe1,+09:00,,Scene,,,,10 10 10,,0.00112,"Reflective, Glossy, Positive, Color",IMG_0015.HEIC,Spot,3024,Perceptual,0 100 0,,4.5,Directly photographed,,,255,2.8,1/113,-0.009682726112 -0.9931768775 0.08470413841,,HEIC,,,2.2 MB,1954.989501953125,0.96 - 2.42 m,,Auto,Valid,297.2748414,,25.4 m Above Sea Level,0,iPhone 16 Pro Max,Apple Computer Inc.,pixel,acsp,12.35656975 m,0232,3024,,,22210,6656583541458,Uncalibrated,XYZ ,0,XMP Core 6.0.0,18.0,"(Binary data 6412 bytes, use -b option to extract)",0.01100769174,1429.1488037109375,15,"(Binary data 32 bytes, use -b option to extract)",,5758,0.15800000000000003,,,,,1999 1521 2204 1333,65536,,5.645466295,208,2.220000029-15.65999985mm f/2.2-2.8,Yes,,Full,heic,208,3024,2185909,Conforming,,0.765137,,,65541,,,Apple,,"37 deg 30' 48.20"" N, 127 deg 3' 34.81"" E","Big-endian (Motorola, MM)",,,,Main Still Picture,2024:09:20 11:41:27,0.11837027588813298,4032,4032,"127 deg 3' 34.81"" E",East,,Rotate 90 CW,,RGB ,1,"['mif1', 'MiHB', 'MiHA', 'heix', 'MiHE', 'MiPr', 'miaf', 'heic', 'tmap']",1/113,"(Binary data 6412 bytes, use -b option to extract)",2024:09:20 11:41:27+09:00,0,"(Binary data 254 bytes, use -b option to extract)",Identity matrix,0.01005344785,2024:09:20 11:41:27,high,,,"[0.0, '0.12067613750696182', '-0.0032232366502285004', 0.0, 0.0, 0.0, 0.0, 0.0]","[1, 0.0, 0.0, 0.0, 1, 0.0, 0.0, 0.0, 1, 0.0, 0.0, 0.0]",,Unknown,,No,0.51512 0.2412 -0.00105,4032x3024 0 1029 2880 2160 0 515 2016 1512 0 0 64 0 0 15 16960 29 4729 15 16960 65535 11978 15 16960 29 4729 15 16960 11 43752 15 16960 0 10 15 16960 0 10 15 16960,,,SMPTE EG 432-1,297.2748414,Program AE,4:2:0,120 mm,174,49,"(Binary data 32 bytes, use -b option to extract)",2152740916,4.0.0,17.1 deg,UkVORAcAAABIBQAAAQAAAGQAAgAAAAAAZQACAAIAAABmAAEAj8L1PGcAAQDn+6k9aAABAM3MTD1pAAEAMzOzP2oAAQDNzEw9awABAJqZmT5sAAEAAAAAP20AAQAAAChAbgACABQAAABvAAEAzcxMPXAAAQDNzMw8cQABAArXIzxyAAEAzczMPXMAAQDNzMw9dAABAM3MzD51AAEAAABAP3YAAQBmZmY/dwABAJqZmT94AAEAAAAAQHkAAQDNzMw+egABAM3MzD17AAEAAACAP3wAAQAAAABAfQABAAAAAEF+AAEAF7fROH8AAgAyAAAAgAABAAAAgD/IAAEAKVyPPckAAQCamVk/ygABABe3UTksAQEACtcjPC0BAQAXSJI5LgEBADVeuj0vAQEAMzOzPzABAQDgLRA7MQEBAFoMQzoyAQEAAACAPzMBAQAAAIA/kAECAAEAAACRAQEAGjjbO5IBAQAUaqQ+kwEBABVgLzuUAQEACtcjO5UBAQCPwvU7lgEBAGZmZj+XAQEAAACAP5gBAQAAAAAAmQEBAM3MTD7CAQEAp0lNPsMBAQDwjBM/xAEBAI6zjzzFAQEAK7tvQMYBAQAAACBB8gECAAkAAADzAQIADAAAAPQBAgAJAAAA9QEBAAAAekT2AQEAAAAAAPcBAQBSuJ4++AEBAAAAAED5AQEAAACWQ/oBAQDNzEw9+wEBAM3MzD78AQIAAgAAAP0BAQApXI8+/gEBAAAAwD//AQEAZmZmPwACAgAHAAAAAQIBAAAAgD8CAgEAAAAAAFgCAQAAAJBAWQIBADMzsz9aAgEAAACAQVsCAQC4HoU/vAIBAAAAAAC9AgEAAAAAACADAgADAAAAIQMBAM3MTL0iAwEACtejPCMDAQDNzEy9JAMBAI/C9T2EAwEAzcxMP4UDAQAAAIA/hgMBAArXIzyHAwEAAAAAAIgDAQDNzMw+iQMBAFg5NDzoAwEAmpmZPukDAQAAAKBA6gMBAJqZmT7rAwEAzcxMP+wDAQAAAIA/7QMBAAAAgD/uAwEAMzMzv+8DAQBmZmY/8AMBAFg5NDzxAwEAAAAAAPIDAQAAAAAA8wMCAMgAAAD0AwEAmpkZP/UDAQCamZk/9gMCABQAAAD3AwEAzczMPvgDAQAAAAAA+QMBAM3MTD/6AwEAAACAP/sDAQAAAAAA/AMBAM3MTD79AwEAAAAAAP4DAQAAAAAA/wMBAJqZmT4ABAIAAgAAAAEEAQAAAAAAAgQBAG8SAzoDBAEAAACAPwQEAQAAAAAABQQBAAAAgD8GBAEAexRuPwcEAQDNzMw+CAQBAGZmBkAJBAEAmpkZPgoEAQDNzAw/CwQBAAAAgD8MBAEAAACAPg0EAQDNzEw+DgQBAM3MzD0PBAEAMzOzPkwEAQAAAAA/TQQBAAAAAABOBAEAAAAAAE8EAQDNzEw+UAQBAM3MTD+wBAIACQAAALEEAgAEAAAAsgQCAAwAAACzBAEAAACAP7QEAQAAAIA/tQQBAJqZGT+2BAEAPQpXP7cEAQAAAADAuAQBAAAAAAC5BAEAAACAv7oEAQC4HgU+uwQBAPLSTT68BAEAmpmZP70EAQAAAAAAvgQCAAAAAAAUBQEAexSuPhUFAQDwp4Y+FgUBAG8SAz0XBQEACtcjPBgFAQAfhWs/GQUBAG8SAz0aBQEAbxKDOhsFAQAxDMM6HAUBADMzsz4dBQEAF7fROx4FAQCPwnU9HwUBAJqZeUAgBQEAhetRPyEFAQCmm0Q7IgUBAAAAAAAjBQEA4XoUPyQFAQDD9ag+JQUBAAAAwD8=,4032x3024,8,Back Normal,,-rwx------,72,4032,2.8,,,18.0,,,,"(Binary data 32 bytes, use -b option to extract)",36.92443464,3024,0.004 mm,0A8B4BB2-C289-4796-997E-52780E36602B,"SMPTE ST 2084, ITU BT.2100 PQ",2024:01:01 00:00:00,0.2.0.0,,2024:09:20 11:41:27+09:00,2025:01:26 19:03:57+09:00,0.0,2024:09:20 11:41:27,Apple,,,2024:09:20 11:41:27.208+09:00,,0.96419 1 0.82489,,Yes,"Off, Did not fire",0,8,,,km/h,22.34 m,10.4,7.7,2024:09:20 02:41:26Z,True North,3.745799,,iPhone 16 Pro Max
DCI-P3 D65 Gamut with sRGB Transfer,JPEG (old-style),2024:09:20 14:43:30.928+09:00,2.2,,,4000x3000,,0.9642 1 0.82491,,,,12.0,,,,"Copyright (c) 2022 Samsung Electronics Co., Ltd.",North,1,1.04781 0.02289 -0.05013 0.02954 0.99048 -0.01704 -0.00923 0.01505 0.75214,"Baseline DCT, Huffman coding",,,13.1,0.15718 0.06659 0.78455,,./1/20240920_144331.jpg,,"Not Embedded, Independent",+09:00,4000,,,,,Display Device Profile,46063,0100,2.2 mm (35 mm equivalent: 13.0 mm),,,,,,,,,,JPEG,,Auto,,,,,,,,,,2.2 mm,,,,,,1000,Unknown (SEC),,,,,,image/jpeg,,Unknown (SEC),2024:09:20 14:43:30.928+09:00,Unknown (SEC),,2025:01:26 18:40:17+09:00,20240920_144331.jpg,./1,+09:00,996,,,,,Above Sea Level,,,Standard,0.29195 0.69223 0.04189,47130,Undefined,"37 deg 30' 38.31"" N",,,,inches,72,,,0,,,,,Centered,,,,,"Reflective, Glossy, Positive, Color",20240920_144331.jpg,Center-weighted average,,Perceptual,,0,,,,,,2.2,1/60,,,JPEG,,,4.4 MB,,,,Auto,,,,41 m Above Sea Level,,,,,acsp,,0220,,,0100,,,Uncalibrated,XYZ ,0,Adobe XMP Core 5.1.2,S928NKSU3AXH7,,,,,"(Binary data 32 bytes, use -b option to extract)",,,,8,,,,,,"(Binary data 47130 bytes, use -b option to extract)",,928,,,928,,jpg,928,3000,,,4399577,,,3,,,,samsung,South Korea (450),"37 deg 30' 38.31"" N, 127 deg 3' 34.74"" E","Little-endian (Intel, II)",,(none),1.0,,2024:09:20 14:43:30,,,,"127 deg 3' 34.74"" E",East,2,Rotate 90 CW,"['Primary', 'GainMap']",RGB ,,,1/60,,2024:09:20 14:43:30.928+09:00,,,,,2024:09:20 14:43:30,,,,,,YCbCr4:2:0 (2 2),,,,0.51508 0.24117 -0.00105,,1,,,,Program AE,,13 mm,,,"(Binary data 32 bytes, use -b option to extract)",,4.3.0,108.3 deg,,,,,,-rwx------,72,4000,2.2,"['image/jpeg', 'image/jpeg']",,,47130,,,"(Binary data 32 bytes, use -b option to extract)",,3000,0.005 mm,,,2022:07:01 00:00:00,,,2024:09:20 14:43:32+09:00,2025:01:26 19:03:57+09:00,,2024:09:20 14:43:30,,,K12XSPE01NM,2024:09:20 14:43:30.928,,0.9642 1 0.82491,"(Binary data 46063 bytes, use -b option to extract)",,No Flash,,,2.2,0,,0.43 m,4.9,5.9,,,,,Galaxy S24 Ultra
Display P3 Primaries; PQ (Gain Map Preview 03BFF8A2BC1353F1),,,1.8,Picture,63 (level 2.1),4032x3024,220,0.9642 1 0.82491,"Main Still Picture, Main 10, Main",1.660644531,0,12.2,0,L008,Horizontal (Normal),"Copyright Apple Inc., 2024",North,1/30,1.04788 0.02292 -0.0502 0.02959 0.99048 -0.01706 -0.00923 0.01508 0.75168,,,,13.1,0.1571 0.06657 0.78407,"['0.41419374523264679', '0.41661022120518681']",./1/IMG_0035.HEIC,,"Not Embedded, Independent",+09:00,4032,"['0.55201220752797564', '0.56354832146490341']",4:12:24,1,87,Display Device Profile,,,6.8 mm (35 mm equivalent: 73.0 mm),,,,True,"['normalized', 'normalized']",270,0.0.0,portraiteffectsmatte,80,,176 0 0 0 0 0,Auto,Main Tier,"(Binary data 14 bytes, use -b option to extract)",65537,"[5692.72119140625, 0.0, 0.0, 0.0, 5692.72119140625, 0.0, 1353.271728515625, 1008.27587890625, 1]",,True North,hdis,1000000000,urn:mpeg:hevc:2015:auxid:2,6.8 mm,1,,,"[0.0, '-0.58604627847671509', '0.055137090384960175', '-0.0019226969452574849', -5.521464117919095e-06, 2.118761130986968e-06, -5.08260882270406e-08, 3.7862207813432747e-10]",,500,Apple Computer Inc.,2024:09:20,,High Efficiency Image Format HEVC still image (.HEIC),100,iPhone 16 Pro Max back triple camera 6.765mm f/1.78,image/heic,0.5,Apple Computer Inc.,2024:09:20 14:43:58.967+09:00,Apple Computer Inc.,1.00999999,2025:01:26 18:37:34+09:00,IMG_0035.HEIC,./1,+09:00,,05:43:53.41,88 1 23,nclx,relative,Above Sea Level,2024:09:20 14:43:58,,,0.29198 0.69225 0.04189,,,"37 deg 30' 35.69"" N",One-chip color area,,General Composite Image,inches,72,"['Face', 'Focus']",iPhone 16 Pro Max back triple camera 6.765mm f/1.78,861ebb9458ce0ad723811ab539e28c23,+09:00,,Scene,,,,10 10 10,,0.000794,"Reflective, Glossy, Positive, Color",IMG_0035.HEIC,Multi-segment,1968,Perceptual,0 100 0,,4.5,Directly photographed,,,255,1.8,1/30,0.04074603319 -0.9963942169 -0.05462296306,,HEIC,,,1234 kB,1378.52587890625,1.86 - 1.88 m,,Auto,Valid,78.71940615,,53.1 m Above Sea Level,0,iPhone 16 Pro Max,Apple Computer Inc.,pixel,acsp,54.82003325 m,0232,3024,,,23830,15144109518916,Uncalibrated,XYZ ,0,XMP Core 6.0.0,18.0,"(Binary data 6412 bytes, use -b option to extract)",0.01887620056,1037.774658203125,15,"(Binary data 32 bytes, use -b option to extract)",,3213,"['0.43221973550356058', 0.4306815869786369]",,,,,1679 1716 1298 1301,65536,,0.2525126094,967,6.764999866-15.65999985mm f/1.779999971-2.8,Yes,,Full,heic,967,3024,1209990,Conforming,,1.636719,346,,65541,,,Apple,,"37 deg 30' 35.69"" N, 127 deg 3' 36.76"" E","Big-endian (Motorola, MM)",,,,Main Still Picture,2024:09:20 14:43:58,"['0.32380778032036617', '0.32219679633867282']",4032,2624,"127 deg 3' 36.76"" E",East,,Rotate 90 CW,,RGB ,1,"['mif1', 'MiHB', 'MiHA', 'heix', 'MiHE', 'MiPr', 'miaf', 'heic', 'tmap']",1/30,"(Binary data 6412 bytes, use -b option to extract)",2024:09:20 14:43:58+09:00,0,"(Binary data 266 bytes, use -b option to extract)",Identity matrix,0,2024:09:20 14:43:58,high,,697,"[0.0, '0.57721316814422607', '-0.052210189402103424', '0.0017207530327141285', 8.893109225027729e-06, -2.0145971575402655e-06, 4.719490576121643e-08, -3.542599824601922e-10]","[1, 0.0, 0.0, 0.0, 1, 0.0, 0.0, 0.0, 1, 0.0, 0.0, 0.0]",,Unknown,,No,0.51512 0.2412 -0.00105,4032x3024 0 1029 2880 2160 0 515 2016 1512 0 0 64 0 0 15 16960 27 30333 15 16960 65534 41655 15 16960 27 30333 15 16960 11 37893 15 16960 0 10 15 16960 0 10 15 16960,1.538148525,,SMPTE EG 432-1,78.71940615,Program AE,4:2:0,73 mm,212,49,"(Binary data 32 bytes, use -b option to extract)",5290036,4.0.0,27.7 deg,UkVORAcAAABIBQAAAQAAAGQAAgAAAAAAZQACAAIAAABmAAEAj8L1PGcAAQDNzMw9aAABAArXIz1pAAEAMzOzP2oAAQDNzEw9awABAJqZmT5sAAEAAADAP20AAQBiEChAbgACABQAAABvAAEAzcxMPXAAAQDNzMw8cQABAArXIzxyAAEAzczMPXMAAQDNzMw9dAABAAAAgD91AAEAAABAP3YAAQBmZmY/dwABAJqZmT94AAEAAAAAQHkAAQDNzMw+egABAM3MzD17AAEAAACAP3wAAQAAAABAfQABAAAAAEF+AAEAF7fROH8AAgAyAAAAgAABAAAAgD/IAAEA7FG4PckAAQCamVk/ygABABe3UTksAQEACtcjPC0BAQAXSJI5LgEBADVeuj0vAQEAMzOzPzABAQDgLRA7MQEBAFoMQzoyAQEAAACAPzMBAQAAAIA/kAECADIAAACRAQEANCB+PpIBAQAnmD5BkwEBAPdMyz2UAQEACtcjO5UBAQCPwvU7lgEBAGZmZj+XAQEAAACAP5gBAQAAAAAAmQEBAM3MTD7CAQEADDPdQMMBAQCx/J5BxAEBAO/WGj/FAQEArtReQMYBAQAAAFBB8gECAAkAAADzAQIADAAAAPQBAgAJAAAA9QEBAAAAekT2AQEAAAAAAPcBAQBSuJ4++AEBAAAAAED5AQEAAACWQ/oBAQDNzEw9+wEBAM3MzD78AQIAAgAAAP0BAQAAAIA+/gEBAAAAwD//AQEAMzNzPwACAgAHAAAAAQIBAAAAgD8CAgEAAAAAAFgCAQAAAJBAWQIBADMzsz9aAgEAAACAQVsCAQAAAIA/vAIBAAAAAAC9AgEAAAAAACADAgADAAAAIQMBAM3MTL0iAwEACtejPCMDAQDNzEy9JAMBAI/C9T2EAwEAzcxMP4UDAQAAAIA/hgMBAAAAAACHAwEAAAAAAIgDAQDNzMw+iQMBAAAAAADoAwEAmpmZPukDAQAAAKBA6gMBAJqZmT7rAwEAzcxMP+wDAQAAAAAA7QMBAAAAgD/uAwEAMzMzv+8DAQBmZmY/8AMBAAAAAADxAwEAAAAAAPIDAQAAAAAA8wMCAFoAAAD0AwEAzczMPvUDAQDNzEw+9gMCABQAAAD3AwEAzczMPvgDAQAAAAAA+QMBAM3MTD/6AwEAAACAP/sDAQAAAAAA/AMBAM3MTD79AwEAAAAAAP4DAQAAAAAA/wMBAJqZmT4ABAIAAgAAAAEEAQAAAAAAAgQBAG8SAzoDBAEAAACAPwQEAQAAAAAABQQBAAAAgD8GBAEAzcxMPwcEAQCamZk+CAQBAM3MDEAJBAEAzczMPQoEAQAzM7M+CwQBAAAAgD8MBAEAmpmZPg0EAQCamZk+DgQBAM3MzD0PBAEAmpkZPkwEAQAAAAA/TQQBAAAAAABOBAEAAAAAAE8EAQDNzEw+UAQBAM3MTD+wBAIACQAAALEEAgAEAAAAsgQCAAwAAACzBAEAAACAP7QEAQAAAIA/tQQBAFyPwj62BAEApHA9P7cEAQAAAADAuAQBAAAAAAC5BAEAAACAv7oEAQDNzEw9uwQBAJqZGT68BAEAAADAP70EAQCamRk/vgQCAAEAAAAUBQEAMzMzPhUFAQDsUTg+FgUBAArXIz0XBQEAzcxMPhgFAQDhelQ/GQUBAGDlUD0aBQEAbxIDOxsFAQAXt9E4HAUBAM3MDD8dBQEAbAl5Ox4FAQAAAIA+HwUBALgeNUAgBQEAj8I1PyEFAQBvEoM6IgUBAAAAAAAjBQEAZmZmPyQFAQDD9ag+JQUBAAAAwD8=,4032x3024,8,Back Normal,,-rwx------,72,4032,1.8,,,18.0,,,,"(Binary data 32 bytes, use -b option to extract)",28.39913366,3024,0.003 mm,E52B9CFE-D930-4426-B351-607895F27062,"SMPTE ST 2084, ITU BT.2100 PQ",2024:01:01 00:00:00,0.2.0.0,,2024:09:20 14:43:58+09:00,2025:01:26 21:14:45+09:00,0.051666,2024:09:20 14:43:58,Apple,1715,,2024:09:20 14:43:58.967+09:00,,0.96419 1 0.82489,,Yes,"Off, Did not fire",0,8,,,km/h,9.23 m,4.2,10.8,2024:09:20 05:43:53.41Z,True North,3.481731,,iPhone 16 Pro Max
DCI-P3 D65 Gamut with sRGB Transfer,JPEG (old-style),2024:09:20 14:43:56.272+09:00,2.4,,,4000x3000,,0.9642 1 0.82491,,,,12.0,,,,"Copyright (c) 2022 Samsung Electronics Co., Ltd.",North,1,1.04781 0.02289 -0.05013 0.02954 0.99048 -0.01704 -0.00923 0.01505 0.75214,"Baseline DCT, Huffman coding",,,13.1,0.15718 0.06659 0.78455,,./1/20240920_144356.jpg,,"Not Embedded, Independent",+09:00,4000,,,,,Display Device Profile,58995,0100,7.9 mm (35 mm equivalent: 69.0 mm),,,,,,,,,,JPEG,,Auto,,,,,,,,,,7.9 mm,,,,,,500,Unknown (SEC),,,,,,image/jpeg,,Unknown (SEC),2024:09:20 14:43:56.272+09:00,Unknown (SEC),,2025:01:26 18:37:34+09:00,20240920_144356.jpg,./1,+09:00,996,,,,,Above Sea Level,,,Standard,0.29195 0.69223 0.04189,32454,Undefined,"37 deg 30' 38.18"" N",,,,inches,72,,,0,,,,,Centered,,,,,"Reflective, Glossy, Positive, Color",20240920_144356.jpg,Center-weighted average,,Perceptual,,0,,,,,,2.4,1/30,,,JPEG,,,3.6 MB,,,,Auto,,,,41 m Above Sea Level,,,,,acsp,,0220,,,0100,,,Uncalibrated,XYZ ,0,Adobe XMP Core 5.1.2,S928NKSU3AXH7,,,,,"(Binary data 32 bytes, use -b option to extract)",,,,8,,,,,,"(Binary data 32454 bytes, use -b option to extract)",,272,,,272,,jpg,272,3000,,,3528429,,,3,,,,samsung,South Korea (450),"37 deg 30' 38.18"" N, 127 deg 3' 34.70"" E","Little-endian (Intel, II)",,(none),1.0,,2024:09:20 14:43:56,,,,"127 deg 3' 34.70"" E",East,2,Rotate 90 CW,"['Primary', 'GainMap']",RGB ,,,1/30,,2024:09:20 14:43:56.272+09:00,,,,,2024:09:20 14:43:56,,,,,,YCbCr4:2:0 (2 2),,,,0.51508 0.24117 -0.00105,,3,,,,Program AE,,69 mm,,,"(Binary data 32 bytes, use -b option to extract)",,4.3.0,29.2 deg,,,,,,-rwx------,72,4000,2.4,"['image/jpeg', 'image/jpeg']",,,32454,,,"(Binary data 32 bytes, use -b option to extract)",,3000,0.003 mm,,,2022:07:01 00:00:00,,,2024:09:20 14:43:57+09:00,2025:01:26 19:03:57+09:00,,2024:09:20 14:43:56,,,H12XSQE01MM,2024:09:20 14:43:56.272,,0.9642 1 0.82491,"(Binary data 58995 bytes, use -b option to extract)",,No Flash,,,2.4,0,,7.56 m,5.1,8.7,,,,,Galaxy S24 Ultra
DCI-P3 D65 Gamut with sRGB Transfer,JPEG (old-style),2024:09:20 11:42:06.434+09:00,3.4,,,4000x3000,,0.9642 1 0.82491,,,,12.0,,,,"Copyright (c) 2022 Samsung Electronics Co., Ltd.",North,1,1.04781 0.02289 -0.05013 0.02954 0.99048 -0.01704 -0.00923 0.01505 0.75214,"Baseline DCT, Huffman coding",,,13.1,0.15718 0.06659 0.78455,,./1/20240920_114206.jpg,,"Not Embedded, Independent",+09:00,4000,,,,,Display Device Profile,57621,0100,18.6 mm (35 mm equivalent: 115.0 mm),,,,,,,,,,JPEG,,Auto,,,,,,,,,,18.6 mm,,,,,,40,Unknown (SEC),,,,,,image/jpeg,,Unknown (SEC),2024:09:20 11:42:06.434+09:00,Unknown (SEC),,2025:01:26 18:38:17+09:00,20240920_114206.jpg,./1,+09:00,1016,,,,,Above Sea Level,,,Standard,0.29195 0.69223 0.04189,91193,Undefined,"37 deg 30' 48.74"" N",,,,inches,72,,,0,,,,,Centered,,,,,"Reflective, Glossy, Positive, Color",20240920_114206.jpg,Spot,,Perceptual,,0,,,,,,3.4,1/120,,,JPEG,,,4.5 MB,,,,Auto,,,,46 m Above Sea Level,,,,,acsp,,0220,,,0100,,,Uncalibrated,XYZ ,0,Adobe XMP Core 5.1.2,S928NKSU3AXH7,,,,,"(Binary data 32 bytes, use -b option to extract)",,,,8,,,,,,"(Binary data 91193 bytes, use -b option to extract)",6.81,434,,,434,,jpg,434,3000,,,4455893,,,3,,,,samsung,South Korea (450),"37 deg 30' 48.74"" N, 127 deg 3' 34.78"" E","Little-endian (Intel, II)",,(none),1.0,,2024:09:20 11:42:06,,,,"127 deg 3' 34.78"" E",East,2,Rotate 90 CW,"['Primary', 'GainMap']",RGB ,,,1/120,,2024:09:20 11:42:06.434+09:00,,,,,2024:09:20 11:42:06,,,,,,YCbCr4:2:0 (2 2),,,,0.51508 0.24117 -0.00105,,5,,,,Program AE,,115 mm,,,"(Binary data 32 bytes, use -b option to extract)",,4.3.0,17.8 deg,,,,,,-rwx------,72,4000,3.4,"['image/jpeg', 'image/jpeg']",,,91193,,,"(Binary data 32 bytes, use -b option to extract)",,3000,0.005 mm,,,2022:07:01 00:00:00,,,2024:09:20 11:42:08+09:00,2025:01:26 19:03:57+09:00,,2024:09:20 11:42:06,,,H50XSQE00SM,2024:09:20 11:42:06.434,,0.9642 1 0.82491,"(Binary data 57621 bytes, use -b option to extract)",,No Flash,,,3.4,0,,20.94 m,11.8,6.2,,,,,Galaxy S24 Ultra
Display P3 Primaries; PQ (Gain Map Preview A5A486D9D5D781C2),,,1.8,Picture,63 (level 2.1),5712x4284,171,0.9642 1 0.82491,"Main Still Picture, Main 10, Main",0.2716796994,0,24.5,0,L008,Horizontal (Normal),"Copyright Apple Inc., 2024",North,1/361,1.04788 0.02292 -0.0502 0.02959 0.99048 -0.01706 -0.00923 0.01508 0.75168,,,,13.1,0.1571 0.06657 0.78407,0.57280952380952388,./1/IMG_0012.HEIC,,"Not Embedded, Independent",+09:00,5712,0.48599999999999999,1:50:40,1,68,Display Device Profile,,,6.8 mm (35 mm equivalent: 24.0 mm),,,,True,normalized,,0.0.0,portraiteffectsmatte,121,,176 0 0 0 0 0,Auto,Main Tier,"(Binary data 14 bytes, use -b option to extract)",65537,"[2808.55810546875, 0.0, 0.0, 0.0, 2808.55810546875, 0.0, 2051.267333984375, 1505.6964111328125, 1]",,True North,hdis,1000000000,urn:mpeg:hevc:2015:auxid:2,6.8 mm,1,,,"[0.0, -0.5994870662689209, '0.053816232830286026', '-0.0018892507068812847', -5.177439561521169e-06, 2.1045032099209493e-06, -5.042590700554683e-08, 3.696072614634005e-10]",,100,Apple Computer Inc.,2024:09:20,,High Efficiency Image Format HEVC still image (.HEIC),100,iPhone 16 Pro Max back triple camera 6.765mm f/1.78,image/heic,0.5,Apple Computer Inc.,2024:09:20 11:41:10.231+09:00,Apple Computer Inc.,1.00999999,2025:01:26 18:56:31+09:00,IMG_0012.HEIC,./1,+09:00,,02:41:09,285 1 54,nclx,relative,Above Sea Level,2024:09:20 11:41:10,,,0.29198 0.69225 0.04189,,,"37 deg 30' 48.20"" N",One-chip color area,,General Composite Image,inches,72,Focus,iPhone 16 Pro Max back triple camera 6.765mm f/1.78,fba02f8437c223cc2f533e144540955c,+09:00,,Scene,,,,10 10 10,,0.00244,"Reflective, Glossy, Positive, Color",IMG_0012.HEIC,Spot,3024,Perceptual,0 100 0,,2.8,Directly photographed,,,255,1.8,1/361,-0.02419403194 -0.988229572 0.1228386089,,HEIC,,,5.0 MB,2035.43212890625,0.83 - 1.34 m,,Auto,Valid,298.9026794,,30.8 m Above Sea Level,0,iPhone 16 Pro Max,Apple Computer Inc.,pixel,acsp,14.24595459 m,0232,4284,,,23134,6639645284000,Uncalibrated,XYZ ,0,XMP Core 6.0.0,18.0,"(Binary data 6412 bytes, use -b option to extract)",0.01084615383,1501.684814453125,15,"(Binary data 32 bytes, use -b option to extract)",,5747,0.15799999999999997,,,,,3043 2313 1059 1062,65536,,5.658917918,231,2.220000029-15.65999985mm f/1.779999971-2.8,Yes,,Full,heic,231,4284,4939217,Conforming,,1.512695,,,65541,,,Apple,,"37 deg 30' 48.20"" N, 127 deg 3' 34.43"" E","Big-endian (Motorola, MM)",,,,Main Still Picture,2024:09:20 11:41:10,0.11838095238095236,5712,4032,"127 deg 3' 34.43"" E",East,,Rotate 90 CW,,RGB ,1,"['mif1', 'MiHB', 'MiHA', 'heix', 'MiHE', 'MiPr', 'heic', 'miaf', 'tmap']",1/361,"(Binary data 6412 bytes, use -b option to extract)",2024:09:20 11:41:10+09:00,0,"(Binary data 218 bytes, use -b option to extract)",Identity matrix,0.2077849702,2024:09:20 11:41:10,high,,,"[0.0, '0.58997392654418945', '-0.050863597542047501', '0.0016895367298275232', 8.517060450685676e-06, -2.0007669263577554e-06, 4.683233356672645e-08, -3.465489561982338e-10]","[1, 0.0, 0.0, 0.0, 1, 0.0, 0.0, 0.0, 1, 0.0, 0.0, 0.0]",,Unknown,,No,0.51512 0.2412 -0.00105,5712x4284 0 516 2856 2142 0 1287 4096 3072 0 0 64 0 0 15 16960 33 58015 15 16960 65526 5458 15 16960 33 58015 15 16960 16 43221 15 16960 0 10 15 16960 0 10 15 16960,,,SMPTE EG 432-1,298.9026794,Program AE,4:2:0,24 mm,167,46,"(Binary data 32 bytes, use -b option to extract)",8595224612,4.0.0,73.7 deg,UkVORAcAAABIBQAAAQAAAGQAAgAAAAAAZQACAAIAAABmAAEAj8L1PGcAAQDNzMw9aAABAArXIz1pAAEAMzOzP2oAAQDNzEw9awABAJqZmT5sAAEAzczMP20AAQAAAABAbgACABQAAABvAAEAzcxMPXAAAQBYOTQ8cQABAArXIzxyAAEAzczMPXMAAQAK1yM9dAABAAAAgD91AAEAAABAP3YAAQBmZmY/dwABAJqZmT94AAEAAAAAQHkAAQDNzMw+egABAM3MzD17AAEAAACAP3wAAQAAAABAfQABAAAAAEF+AAEAF7fROH8AAgAyAAAAgAABAAAAgD/IAAEAPQoXP8kAAQAAAEA/ygABAPfMEjksAQEACtcjPC0BAQAXSJI5LgEBADVeuj0vAQEAMzOzPzABAQDgLRA7MQEBAFoMQzoyAQEAAACAPzMBAQAAAIA/kAECAAAAAACRAQEAzSd3OpIBAQDaXTk9kwEBAM0ndzqUAQEAQmBlO5UBAQCZuxY8lgEBAGZmZj+XAQEAAACAP5gBAQAAAAAAmQEBAM3MTD7CAQEAzSf3PMMBAQDgeJo9xAEBABVLFDvFAQEAmCiVQMYBAQAzM5tA8gECAAkAAADzAQIADAAAAPQBAgAJAAAA9QEBAAAAekT2AQEAmpkZPvcBAQBSuJ4++AEBAAAAAED5AQEAAMAPRfoBAQDNzEw9+wEBADMzsz78AQIAAgAAAP0BAQApXI8+/gEBAKRwnT//AQEAZmZmPwACAgAGAAAAAQIBAAAAgD8CAgEAAAAAAFgCAQAzMzNAWQIBADMzsz9aAgEAAACAQVsCAQDsUbg/vAIBAAAAAAC9AgEAAAAAACADAgADAAAAIQMBAM3MTL0iAwEACtejPCMDAQDNzEy9JAMBAI/C9T2EAwEAzcxMP4UDAQAAAIA/hgMBAAAAAACHAwEAAAAAAIgDAQDNzMw+iQMBAOAtkDroAwEAmpmZPukDAQAAAKBA6gMBAJqZmT7rAwEAzcxMP+wDAQAAAAAA7QMBAAAAgD/uAwEAMzMzv+8DAQBmZmY/8AMBAI/C9TzxAwEAbxKDOvIDAQAAAAAA8wMCAIcAAAD0AwEAzczMPvUDAQAAAIA/9gMCABQAAAD3AwEAzczMPvgDAQAAAAAA+QMBAM3MTD/6AwEAAACAP/sDAQAAAAAA/AMBAM3MTD79AwEAAAAAAP4DAQAAAAAA/wMBAM3MzD8ABAIAAgAAAAEEAQAAAAAAAgQBAG8SAzoDBAEAmplZPwQEAQAAAAAABQQBAAAAgD8GBAEAzcxMPwcEAQCamZk+CAQBAAAAAEAJBAEAexQuPgoEAQAzM7M+CwQBAAAAgD8MBAEAAAAAAA0EAQCamZk+DgQBAM3MzD0PBAEAzcxMPkwEAQBmZuY+TQQBAAAAAABOBAEAAAAAAE8EAQDNzMw9UAQBAGZmZj+wBAIACQAAALEEAgAEAAAAsgQCAAwAAACzBAEAAACAP7QEAQAAAIA/tQQBAD0K1z62BAEAAABAP7cEAQAAAADAuAQBAAAAAAC5BAEAAACAv7oEAQCamRk+uwQBAM3MzD28BAEAmpmZP70EAQBcj8I+vgQCAAQAAAAUBQEAFK6HPhUFAQC/fV0+FgUBAPT9VDwXBQEAj8L1PBgFAQDD9Wg/GQUBAKabRD0aBQEAbxIDOhsFAQBfKUs7HAUBAPYoHD8dBQEAzczMPB4FAQAK1yM8HwUBADMzM0AgBQEAMzMzPyEFAQAXt9E6IgUBAI/C9TwjBQEAZmZmPyQFAQCamZk+JQUBAAAAwD8=,5712x4284,8,Back Normal,,-rwx------,72,5712,1.8,,,18.0,,,,"(Binary data 32 bytes, use -b option to extract)",50.70301822,4284,0.008 mm,F9EE2A65-064F-406D-AEE7-EEA01E991699,"SMPTE ST 2084, ITU BT.2100 PQ",2024:01:01 00:00:00,0.2.0.0,,2024:09:20 11:41:10+09:00,2025:01:26 21:40:22+09:00,0.025162,2024:09:20 11:41:10,Apple,,,2024:09:20 11:41:10.231+09:00,,0.96419 1 0.82489,,Yes,"Off, Did not fire",0,8,,,km/h,3.04 m,10.2,3.5,2024:09:20 02:41:09Z,True North,4.661205,,iPhone 16 Pro Max
DCI-P3 D65 Gamut with sRGB Transfer,JPEG (old-style),2024:09:20 11:42:00.765+09:00,2.4,,,4000x3000,,0.9642 1 0.82491,,,,12.0,,,,"Copyright (c) 2022 Samsung Electronics Co., Ltd.",North,1,1.04781 0.02289 -0.05013 0.02954 0.99048 -0.01704 -0.00923 0.01505 0.75214,"Baseline DCT, Huffman coding",,,13.1,0.15718 0.06659 0.78455,,./1/20240920_114200.jpg,,"Not Embedded, Independent",+09:00,4000,,,,,Display Device Profile,59990,0100,7.9 mm (35 mm equivalent: 69.0 mm),,,,,,,,,,JPEG,,Auto,,,,,,,,,,7.9 mm,,,,,,50,Unknown (SEC),,,,,,image/jpeg,,Unknown (SEC),2024:09:20 11:42:00.765+09:00,Unknown (SEC),,2025:01:26 18:38:17+09:00,20240920_114200.jpg,./1,+09:00,1016,,,,,Above Sea Level,,,Standard,0.29195 0.69223 0.04189,87478,Undefined,"37 deg 30' 48.74"" N",,,,inches,72,,,0,,,,,Centered,,,,,"Reflective, Glossy, Positive, Color",20240920_114200.jpg,Spot,,Perceptual,,0,,,,,,2.4,1/313,,,JPEG,,,4.1 MB,,,,Auto,,,,46 m Above Sea Level,,,,,acsp,,0220,,,0100,,,Uncalibrated,XYZ ,0,Adobe XMP Core 5.1.2,S928NKSU3AXH7,,,,,"(Binary data 32 bytes, use -b option to extract)",,,,8,,,,,,"(Binary data 87478 bytes, use -b option to extract)",6.84,765,,,765,,jpg,765,3000,,,4014778,,,3,,,,samsung,South Korea (450),"37 deg 30' 48.74"" N, 127 deg 3' 34.78"" E","Little-endian (Intel, II)",,(none),1.0,,2024:09:20 11:42:00,,,,"127 deg 3' 34.78"" E",East,2,Rotate 90 CW,"['Primary', 'GainMap']",RGB ,,,1/313,,2024:09:20 11:42:00.765+09:00,,,,,2024:09:20 11:42:00,,,,,,YCbCr4:2:0 (2 2),,,,0.51508 0.24117 -0.00105,,3,,,,Program AE,,69 mm,,,"(Binary data 32 bytes, use -b option to extract)",,4.3.0,29.2 deg,,,,,,-rwx------,72,4000,2.4,"['image/jpeg', 'image/jpeg']",,,87478,,,"(Binary data 32 bytes, use -b option to extract)",,3000,0.003 mm,,,2022:07:01 00:00:00,,,2024:09:20 11:42:02+09:00,2025:01:26 19:03:57+09:00,,2024:09:20 11:42:00,,,H12XSQE01MM,2024:09:20 11:42:00.765,,0.9642 1 0.82491,"(Binary data 59990 bytes, use -b option to extract)",,No Flash,,,2.4,0,,7.56 m,11.8,8.7,,,,,Galaxy S24 Ultra
Display P3 Primaries; PQ (Gain Map Preview 418FFCA0472FB36F),,,2.2,Picture,63 (level 2.1),4032x3024,191,0.9642 1 0.82491,"Main Still Picture, Main 10, Main",2.150488377,0,12.2,0,L008,Horizontal (Normal),"Copyright Apple Inc., 2024",North,1/60,1.04788 0.02292 -0.0502 0.02959 0.99048 -0.01706 -0.00923 0.01508 0.75168,,,,13.1,0.1571 0.06657 0.78407,0.46035714285714285,./1/IMG_0033.HEIC,,"Not Embedded, Independent",+09:00,4032,0.56200000000000006,4:11:59,1,39,Display Device Profile,,,2.2 mm (35 mm equivalent: 14.0 mm),,,,,normalized,277,0.0.0,portraiteffectsmatte,79,,176 0 0 0 0 0,Auto,Main Tier,,65537,,,True North,L008,1000000000,urn:com:apple:photo:2018:aux:portraiteffectsmatte,2.2 mm,1,,,,,1250,Apple Computer Inc.,2024:09:20,,High Efficiency Image Format HEVC still image (.HEIC),100,iPhone 16 Pro Max back triple camera 2.22mm f/2.2,image/heic,,Apple Computer Inc.,2024:09:20 14:43:34.171+09:00,Apple Computer Inc.,1.00999999,2025:01:26 18:37:34+09:00,IMG_0033.HEIC,./1,+09:00,,05:43:29.04,89 1 11,nclx,,Above Sea Level,2024:09:20 14:43:34,,,0.29198 0.69225 0.04189,,,"37 deg 30' 35.64"" N",One-chip color area,,General Composite Image,inches,72,Face,iPhone 16 Pro Max back triple camera 2.22mm f/2.2,0b025a57c7f8edc1d8f4856685066429,+09:00,,Scene,,,,10 10 10,,,"Reflective, Glossy, Positive, Color",IMG_0033.HEIC,Multi-segment,,Perceptual,0 100 0,,,Directly photographed,,,,2.2,1/60,0.01504932624 -0.9887674445 -0.1121649593,,HEIC,,,2.2 MB,,,,Auto,Valid,85.12468724,,52.5 m Above Sea Level,0,iPhone 16 Pro Max,Apple Computer Inc.,pixel,acsp,59.84865816 m,0232,3024,,,22450,15119322408500,Uncalibrated,XYZ ,0,XMP Core 6.0.0,18.0,"(Binary data 6412 bytes, use -b option to extract)",,,15,"(Binary data 32 bytes, use -b option to extract)",,3207,0.085999999999999965,,,,,1850 1694 252 250,65536,,0.3156932171,171,2.220000029-15.65999985mm f/1.779999971-2.8,Yes,,Full,heic,171,3024,2127559,Conforming,,,348,,,,,Apple,,"37 deg 30' 35.64"" N, 127 deg 3' 36.79"" E","Big-endian (Motorola, MM)",,,,Main Still Picture,2024:09:20 14:43:34,0.064952380952380984,4032,,"127 deg 3' 36.79"" E",East,,Rotate 90 CW,,RGB ,0,"['mif1', 'MiHB', 'MiHA', 'heix', 'MiHE', 'MiPr', 'heic', 'miaf', 'tmap']",1/60,"(Binary data 6412 bytes, use -b option to extract)",2024:09:20 14:43:34+09:00,0,"(Binary data 254 bytes, use -b option to extract)",Identity matrix,0,2024:09:20 14:43:34,,,562,,,,Unknown,,No,0.51512 0.2412 -0.00105,4032x3024 0 1029 2880 2160 0 515 2016 1512 0 0 64 0 0 15 16960 25 12967 15 16960 0 0 15 16960 25 12967 15 16960 10 52648 15 16960 0 10 15 16960 0 10 15 16960,,,SMPTE EG 432-1,85.12468724,Program AE,4:2:0,14 mm,188,49,"(Binary data 32 bytes, use -b option to extract)",4235300,4.0.0,104.3 deg,,4032x3024,8,Back Normal,,-rwx------,72,4032,2.2,,,18.0,,,,"(Binary data 32 bytes, use -b option to extract)",19.69926071,3024,0.005 mm,E0EB579D-3B8F-473B-8B5A-96A51D6EC8B8,"SMPTE ST 2084, ITU BT.2100 PQ",2024:01:01 00:00:00,0.2.0.0,,2024:09:20 14:43:34+09:00,2025:01:26 21:14:08+09:00,,2024:09:20 14:43:34,Apple,293,,2024:09:20 14:43:34.171+09:00,,0.96419 1 0.82489,,Yes,"Off, Did not fire",,8,,,km/h,0.47 m,4.5,6.3,2024:09:20 05:43:29.04Z,True North,3.141312,,iPhone 16 Pro Max
Display P3 Primaries; PQ (Gain Map Preview 02649EE029DBE374),,,1.8,Picture,63 (level 2.1),5712x4284,169,0.9642 1 0.82491,"Main Still Picture, Main 10, Main",0.4134765563,0,24.5,0,L008,Horizontal (Normal),"Copyright Apple Inc., 2024",North,1/374,1.04788 0.02292 -0.0502 0.02959 0.99048 -0.01706 -0.00923 0.01508 0.75168,,,,13.1,0.1571 0.06657 0.78407,0.49319047619047618,./1/IMG_0013.HEIC,,"Not Embedded, Independent",+09:00,5712,0.48599999999999999,1:50:42,1,68,Display Device Profile,,,6.8 mm (35 mm equivalent: 24.0 mm),,,,True,normalized,,0.0.0,portraiteffectsmatte,121,,176 0 0 0 0 0,Auto,Main Tier,"(Binary data 14 bytes, use -b option to extract)",65537,"[2810.649169921875, 0.0, 0.0, 0.0, 2810.649169921875, 0.0, 2033.294189453125, 1508.701416015625, 1]",,True North,hdis,1000000000,urn:mpeg:hevc:2015:auxid:2,6.8 mm,1,,,"[0.0, '-0.60005301237106323', '0.053760621696710587', '-0.0018878425471484661', -5.162955403648084e-06, 2.1039027160441037e-06, -5.040906003728196e-08, 3.692277039668568e-10]",,100,Apple Computer Inc.,2024:09:20,,High Efficiency Image Format HEVC still image (.HEIC),100,iPhone 16 Pro Max back triple camera 6.765mm f/1.78,image/heic,0.5,Apple Computer Inc.,2024:09:20 11:41:12.396+09:00,Apple Computer Inc.,1.00999999,2025:01:26 18:38:17+09:00,IMG_0013.HEIC,./1,+09:00,,02:41:12,286 1 25,nclx,relative,Above Sea Level,2024:09:20 11:41:12,,,0.29198 0.69225 0.04189,,,"37 deg 30' 48.20"" N",One-chip color area,,General Composite Image,inches,72,Focus,iPhone 16 Pro Max back triple camera 6.765mm f/1.78,4f2ec589b223618e070cd52aeff65020,+09:00,,Scene,,,,10 10 10,,0.00244,"Reflective, Glossy, Positive, Color",IMG_0013.HEIC,Spot,3024,Perceptual,0 100 0,,2.8,Directly photographed,,,255,1.8,1/374,-0.03323365747 -1.003348946 0.106760271,,HEIC,,,5.0 MB,2033.644287109375,0.29 - 1.43 m,,Auto,Valid,299.8500669,,30.1 m Above Sea Level,0,iPhone 16 Pro Max,Apple Computer Inc.,pixel,acsp,14.24595459 m,0232,4284,,,23134,6641845671708,Uncalibrated,XYZ ,0,XMP Core 6.0.0,18.0,"(Binary data 6412 bytes, use -b option to extract)",0.0109076919,1510.6070556640625,15,"(Binary data 32 bytes, use -b option to extract)",,5747,0.15799999999999997,,,,,3043 2313 1059 1062,65536,,5.642883652,396,6.764999866-15.65999985mm f/1.779999971-2.8,Yes,,Full,heic,396,4284,4944107,Conforming,,1.194336,,,65541,,,Apple,,"37 deg 30' 48.20"" N, 127 deg 3' 34.48"" E","Big-endian (Motorola, MM)",,,,Main Still Picture,2024:09:20 11:41:12,0.11838095238095242,5712,4032,"127 deg 3' 34.48"" E",East,,Rotate 90 CW,,RGB ,1,"['mif1', 'MiHB', 'MiHA', 'heix', 'MiHE', 'MiPr', 'heic', 'miaf', 'tmap']",1/374,"(Binary data 6412 bytes, use -b option to extract)",2024:09:20 11:41:12+09:00,0,"(Binary data 218 bytes, use -b option to extract)",Identity matrix,0.01089684892,2024:09:20 11:41:12,high,,,"[0.0, '0.59051120281219482', '-0.050806902348995209', '0.001688222517259419', 8.501227966917213e-06, -2.0001848497486208e-06, 4.681706755604864e-08, -3.4622429923025777e-10]","[1, 0.0, 0.0, 0.0, 1, 0.0, 0.0, 0.0, 1, 0.0, 0.0, 0.0]",,Unknown,,No,0.51512 0.2412 -0.00105,5712x4284 0 516 2856 2142 0 1287 4096 3072 0 0 64 0 0 15 16960 33 15046 15 16960 65527 7304 15 16960 33 15046 15 16960 16 7088 15 16960 0 10 15 16960 0 10 15 16960,,,SMPTE EG 432-1,299.8500669,Program AE,4:2:0,24 mm,167,46,"(Binary data 32 bytes, use -b option to extract)",8595224612,4.0.0,73.7 deg,UkVORAcAAABIBQAAAQAAAGQAAgAAAAAAZQACAAIAAABmAAEAj8L1PGcAAQDNzMw9aAABAArXIz1pAAEAMzOzP2oAAQDNzEw9awABAJqZmT5sAAEAzczMP20AAQAAAABAbgACABQAAABvAAEAzcxMPXAAAQBYOTQ8cQABAArXIzxyAAEAzczMPXMAAQAK1yM9dAABAAAAgD91AAEAAABAP3YAAQBmZmY/dwABAJqZmT94AAEAAAAAQHkAAQDNzMw+egABAM3MzD17AAEAAACAP3wAAQAAAABAfQABAAAAAEF+AAEAF7fROH8AAgAyAAAAgAABAAAAgD/IAAEAPQoXP8kAAQAAAEA/ygABAPfMEjksAQEACtcjPC0BAQAXSJI5LgEBADVeuj0vAQEAMzOzPzABAQDgLRA7MQEBAFoMQzoyAQEAAACAPzMBAQAAAIA/kAECAAAAAACRAQEASqh2OpIBAQA4/jg9kwEBAEqodjqUAQEAQmBlO5UBAQCZuxY8lgEBAGZmZj+XAQEAAACAP5gBAQAAAAAAmQEBAM3MTD7CAQEASqj2PMMBAQAuKZo9xAEBAJP+EzvFAQEAFsiQQMYBAQAzM5tA8gECAAkAAADzAQIADAAAAPQBAgAJAAAA9QEBAAAAekT2AQEAmpkZPvcBAQBSuJ4++AEBAAAAAED5AQEAAMAPRfoBAQDNzEw9+wEBADMzsz78AQIAAgAAAP0BAQApXI8+/gEBAKRwnT//AQEAZmZmPwACAgAGAAAAAQIBAAAAgD8CAgEAAAAAAFgCAQAzMzNAWQIBADMzsz9aAgEAAACAQVsCAQDsUbg/vAIBAAAAAAC9AgEAAAAAACADAgADAAAAIQMBAM3MTL0iAwEACtejPCMDAQDNzEy9JAMBAI/C9T2EAwEAzcxMP4UDAQAAAIA/hgMBAAAAAACHAwEAAAAAAIgDAQDNzMw+iQMBAOAtkDroAwEAmpmZPukDAQAAAKBA6gMBAJqZmT7rAwEAzcxMP+wDAQAAAAAA7QMBAAAAgD/uAwEAMzMzv+8DAQBmZmY/8AMBAI/C9TzxAwEAbxKDOvIDAQAAAAAA8wMCAIcAAAD0AwEAzczMPvUDAQAAAIA/9gMCABQAAAD3AwEAzczMPvgDAQAAAAAA+QMBAM3MTD/6AwEAAACAP/sDAQAAAAAA/AMBAM3MTD79AwEAAAAAAP4DAQAAAAAA/wMBAM3MzD8ABAIAAgAAAAEEAQAAAAAAAgQBAG8SAzoDBAEAmplZPwQEAQAAAAAABQQBAAAAgD8GBAEAzcxMPwcEAQCamZk+CAQBAAAAAEAJBAEAexQuPgoEAQAzM7M+CwQBAAAAgD8MBAEAAAAAAA0EAQCamZk+DgQBAM3MzD0PBAEAzcxMPkwEAQBmZuY+TQQBAAAAAABOBAEAAAAAAE8EAQDNzMw9UAQBAGZmZj+wBAIACQAAALEEAgAEAAAAsgQCAAwAAACzBAEAAACAP7QEAQAAAIA/tQQBAD0K1z62BAEAAABAP7cEAQAAAADAuAQBAAAAAAC5BAEAAACAv7oEAQCamRk+uwQBAM3MzD28BAEAmpmZP70EAQBcj8I+vgQCAAQAAAAUBQEAFK6HPhUFAQC/fV0+FgUBAPT9VDwXBQEAj8L1PBgFAQDD9Wg/GQUBAKabRD0aBQEAbxIDOhsFAQBfKUs7HAUBAPYoHD8dBQEAzczMPB4FAQAK1yM8HwUBADMzM0AgBQEAMzMzPyEFAQAXt9E6IgUBAI/C9TwjBQEAZmZmPyQFAQCamZk+JQUBAAAAwD8=,5712x4284,8,Back Normal,,-rwx------,72,5712,1.8,,,18.0,,,,"(Binary data 32 bytes, use -b option to extract)",50.65473557,4284,0.008 mm,929C548D-661C-46D2-AC38-D00CFF5DE6F4,"SMPTE ST 2084, ITU BT.2100 PQ",2024:01:01 00:00:00,0.2.0.0,,2024:09:20 11:41:12+09:00,2025:01:26 19:03:57+09:00,0.0,2024:09:20 11:41:12,Apple,,,2024:09:20 11:41:12.396+09:00,,0.96419 1 0.82489,,Yes,"Off, Did not fire",0,8,,,km/h,3.04 m,10.2,3.5,2024:09:20 02:41:12Z,True North,4.524425,,iPhone 16 Pro Max
